id,name,lat,lon,satellite_view mapbox,dominant_orchidee_pft,orchidee_frac,dominant_generic_pft,generic_pft_frac,confidence_flag,quality_flag_obs_model,soil_type,remarques,sources,dataset,year_fluxnet2007,year_fluxnet2015,year_plumber2,year_sifmip2,year_warmwinter2020,igbp (from orchidas site list),years_amf_base,,,years_amf_fluxnet
AR-SLu,San Luis,-33.464800,-66.459800,N/A,PFT02,"PFT2(0.6), PFT11(0.3), PFT14(0.1)",TrBrEv,"TrBrEv(0.60), NatGrC4(0.30), NatGrC3(0.10)",B,D3,N/A,"Mixed forests of Prosopis flexuosa and Aspidos-perma quebracho blanco predominate in the region with an important shrub layer formed by species of the genus Larrea, Lycium and Condalia. The predominant grasses in the area are Aristida mendocina, Trichloris crinita and Pappophorum caespitosum among others. // MF // Unaffiliated // dominated by trees which coexist with bush
and herbaceous strata",https://www.aet.org.es/revistas/revista31/Numero31_8.pdf & https://fluxnet.org/sites/siteinfo/AR-SLu & https://www.researchgate.net/publication/305000785_Analysis_and_modelling_of_turbulent_fluxes_in_two_different_ecosystems_in_Argentina,fluxnet2015,N/A,2009-2011,2010-2010,N/A,N/A,MF,,,,
AR-Vir,Virasoro,-28.239500,-56.188600,N/A,PFT04,"PFT4(0.95), PFT10(0.05)",TrNeEv,"TrNeEv(0.95), NatGrC3(0.05)",B,C4,N/A,ENF / Inactive Site,https://fluxnet.org/sites/siteinfo/AR-Vir,fluxnet2015,N/A,2009-2012,N/A,N/A,N/A,ENF,,,,
AT-Neu,Neustift,47.116700,11.317500,N/A,PFT15,PFT15(1.00),NatGrC3,NatGrC3(1.00),A,A3,N/A,GRA,http://www.europe-fluxdata.eu/home/site-details?id=AT-Neu & https://fluxnet.org/sites/siteinfo/AT-Neu,"fluxnet2007, fluxnet2015",2002-2004,2002-2012,2002-2012,N/A,N/A,GRA,,,,
AU-Ade,Trebon (CZECHWET),-13.076900,131.117800,N/A,PFT02,"PFT2(0.6), PFT11(0.3), PFT1(0.1)",TrBrEv,"TrBrEv(0.60), NatGrC4(0.30), BS(0.10)",B,C3,N/A,"Eucalyptus tectifica and Planchonia careya / Tropical savannas / Inactive Site / IBRA: PCK / Woodland savanna on shallow loamy sand (hydrolsol) with low level grazing pressure, fire frequency 1 in 3 years",https://ozflux.org.au/monitoringsites/adelaideriver/adelaideriver_description.html  https://www.researchgate.net/publication/309558727_An_introduction_to_the_Australian_and_New_Zealand_flux_tower_network_-_OzFlux,fluxnet2015,N/A,2007-2009,N/A,N/A,N/A,WSA,,,,
AU-ASM,Alice Springs,-22.283000,133.249000,N/A,PFT04,"PFT4(0.7), PFT11(0.2), PFT1(0.1)",ShNeEv,"ShNeEv(0.70), NatGrC4(0.20), BS(0.10)",B,B3,N/A,Acacia aneur / Deserts and xeric shrublands / IBRA: BRT / Pine Hill cattle station. Cattle grazing in low numbers has continued for decades,https://ozflux.org.au/monitoringsites/alicesprings/alicesprings_description.html https://www.researchgate.net/publication/309558727_An_introduction_to_the_Australian_and_New_Zealand_flux_tower_network_-_OzFlux,fluxnet2015,N/A,2010-2013,2011-2017,N/A,N/A,SAV,,,,
AU-Cpr,Calperum,-34.002100,140.589100,N/A,PFT05,"PFT5(0.4), PFT10(0.4), PFT1(0.2)",NatGrC3,"NatGrC3(0.40), ShBrEv(0.40), BS(0.20)",B,B3,N/A,"mallee (multi-stemmed Eucalypt trees) and various shrub / Mediterranean woodlands / IBRA: MDD / Multi-stemmed, 3-5m high eucalypt trees centred 2-4m apart with limited mid-story species, extensive perennial spinifex and occasional annual grasses. Regrowth of trees after fire ~ 35years ago with sheep grazing ceased in 1994. Site burned by wildfire in January 2014 and regrowth now occurring.",https://ozflux.org.au/monitoringsites/calperum/calperum_description.html https://www.researchgate.net/publication/309558727_An_introduction_to_the_Australian_and_New_Zealand_flux_tower_network_-_OzFlux,fluxnet2015,N/A,2010-2014,2011-2017,N/A,N/A,SAV,,,,
AU-Cum,Cumberland Plain,-33.615200,150.723600,N/A,PFT05,"PFT5(0.85),PFT10(0.15)",TrBrEv,"TrBrEv(0.85), NatGrC3(0.15)",A,B3,N/A,dominated by Eucalyptus moluccana and Eucalyptus fibrosa / Temperate woodlands / IBRA: SYB / Not been managed but is a remnant woodland at the urban-wildland interface,https://ozflux.org.au/monitoringsites/cumberlandplain/cumberlandplain_description.html https://www.researchgate.net/publication/309558727_An_introduction_to_the_Australian_and_New_Zealand_flux_tower_network_-_OzFlux,fluxnet2015,N/A,2012-2014,2013-2018,N/A,N/A,EBF,,,,
AU-DaP,Daly River Pasture,-14.063300,131.318100,N/A,PFT11,"PFT11(0.95), PFT13(0.05)",NatGrC4,"NatGrC4(0.95), CropsC4(0.05)",B,B3,N/A,"Chamaecrista rotundifolia (Round-leaf cassia cv. Wynn), Digitaria milijiana (Jarra grass) and Aristida sp. / Tropical pasture / Inactive Site / IBRA: DAB / Tropical improved pasture (C4 grass and legume mixture), cleared 1982, low grazing pressure (~1 head ha -1 ), fire 1 in 5 years.",https://ozflux.org.au/monitoringsites/dalypasture/dalypasture_description.html & https://fluxnet.org/sites/siteinfo/AU-DaP & https://www.researchgate.net/publication/309558727_An_introduction_to_the_Australian_and_New_Zealand_flux_tower_network_-_OzFlux ,fluxnet2015,N/A,2007-2013,2009-2012,N/A,N/A,GRA,,,,
AU-DaS,Daly River Uncleared,-14.159300,131.388100,N/A,PFT02,"PFT2(0.5), PFT11(0.4), PFT1(0.1)",TrBrEv,"TrBrEv(0.50), NatGrC4(0.40), BS(0.10)",B,A3,N/A,"co dominated by tree species E. tetrodonta, C. latifolia, Terminalia grandiflora, Sorghum sp. and Heteropogon triticeus / Récent feu ? / Tropical savannas / IBRA: DAB / Woodland savanna on deep sandy loam soils (kandosol), native pasture grazing, very low grazing pressure (~0.1
head ha -1 ), fire 1 in 5 year",https://ozflux.org.au/monitoringsites/dalyuncleared/dalyuncleared_description.html https://www.researchgate.net/publication/309558727_An_introduction_to_the_Australian_and_New_Zealand_flux_tower_network_-_OzFlux,fluxnet2015,N/A,2008-2014,2010-2017,N/A,N/A,SAV,,,,
AU-Dry,Dry River,-15.258800,132.370600,N/A,PFT02,"PFT2(0.6), PFT11(0.4)",TrBrEv,"TrBrEv(0.60), NatGrC4(0.40)",B,B4,N/A,"E. tetrodonta, E. dichromophloia, C. terminalis, Sorghum intrans, S. plumosum, Themeda triandra and Chrysopogon fallax, with canopy height averaging 12.3m./Tropical savannas / IBRA: STU / Woodland savanna on sandy loam soils, native pasture grazing, low grazing pressure (~0.5 head ha-1), fire 1 in
8 years.",https://ozflux.org.au/monitoringsites/dryriver/dryriver_description.html https://www.researchgate.net/publication/309558727_An_introduction_to_the_Australian_and_New_Zealand_flux_tower_network_-_OzFlux,fluxnet2015,N/A,2008-2014,2011-2015,N/A,N/A,SAV,,,,
AU-Emr,Emerald,-23.858700,148.474600,N/A,PFT12,"PFT12(0.5), PFT11(0.1), PFT1(0.4)",CropsC3,"CropsC3(0.50), BS(0.40), NatGrC4(0.10)",C,B4,N/A,GRA,https://fluxnet.org/sites/siteinfo/AU-Emr,fluxnet2015,N/A,2011-2013,2012-2013,N/A,N/A,GRA,,,,
AU-Fog,Fogg Dam,-12.545200,131.307200,N/A,N/A,N/A,N/A,N/A,N/A,,N/A,"eviter : Tropical wetland / Oryza rufipogon, Pseudoraphis spinescens and Eleocharis dulcis / IBRA: DAC / Seasonally inundated wetland, conservation reserve, heavy clay soils (vertosol).",https://ozflux.org.au/monitoringsites/foggdam/foggdam_description.html https://www.researchgate.net/publication/309558727_An_introduction_to_the_Australian_and_New_Zealand_flux_tower_network_-_OzFlux,"fluxnet2007, fluxnet2015",2006-2007,2006-2008,N/A,N/A,N/A,WET,,,,
AU-Gin,Gingin,-31.376400,115.713800,N/A,PFT05,"PFT5(0.7), PFT10(0.3)",TrBrEv,"TrBrEv(0.70), NatGrC3(0.30)",A,B3,N/A,"Banksia spp. mainly B. menziesii, B. attenuata, and B. grandis / Mediterranean woodlands / occasional stands of eucalypts and acacia that reach to 10m and have a denser foliage cover. / IBRA: SWA / The only current active (and accidental) management is fire, with the Dept of Parks and Wildlife conducting
controlled fuel reduction burns approximately every 20 years. The area immediately to the north was burned in
a wildfire in 2006, and to the south has not been burned for at least 30 years.",https://ozflux.org.au/monitoringsites/gingin/gingin_description.html & https://www.researchgate.net/publication/309558727_An_introduction_to_the_Australian_and_New_Zealand_flux_tower_network_-_OzFlux,fluxnet2015,N/A,2011-2014,2012-2017,N/A,N/A,WSA,,,,
AU-GWW,"Great Western Woodlands, Western Australia, Australia",-30.191300,120.654100,N/A,PFT05,"PFT5(0.5), PFT11(0.15), PFT14(0.20), PFT1(0.15)",ShBrEv,"ShBrEv(0.50), NatGrC3(0.20), BS(0.15), NatGrC4(0.15)",B,A3,N/A,"temperate woodland, shrubland and mallee vegetation / Mediterranean woodlands / IBRA: COO / Managed as conservation reserve since 2007; sheep and cattle grazing from 1906 to 2007 led to some soil
surface degradation.",https://ozflux.org.au/monitoringsites/gww/gww_description.html https://www.researchgate.net/publication/309558727_An_introduction_to_the_Australian_and_New_Zealand_flux_tower_network_-_OzFlux,fluxnet2015,N/A,2013-2014,2013-2017,N/A,N/A,SAV,,,,
AU-How,Howard Springs,-12.494300,131.152300,N/A,PFT02,"PFT2(0.8), PFT11(0.2)",TrBrEv,"TrBrEv(0.80), NatGrC4(0.20)",A,A3,N/A,"Eucalyptus miniata and Eucalyptus tentrodonata / Tropical savannas / IBRA: DAC / Open-forest savanna on sandy loam soils, peri-urban water catchment reserve, previously grazed (1960s), fire
frequency 1 in 2 years",https://ozflux.org.au/monitoringsites/howardsprings/howardsprings_description.html & https://fluxnet.org/sites/siteinfo/AU-How & https://www.researchgate.net/publication/309558727_An_introduction_to_the_Australian_and_New_Zealand_flux_tower_network_-_OzFlux,"fluxnet2007, fluxnet2015",2001-2006,2001-2014,2003-2017,N/A,N/A,WSA,,,,
AU-Lox,Loxton,-34.470400,140.655100,N/A,PFT06,"PFT6(0.9), PFT10(0.1)",TrBrDe,"TrBrDe(0.90), NatGrC3(0.10)",A,D4,N/A,DBF / almond orchard / decommissioned, https://fluxnet.org/sites/siteinfo/AU-Lox,fluxnet2015,N/A,2008-2009,N/A,N/A,N/A,DBF,,,,
AU-RDF,"Red Dirt Melon Farm, Northern Territory",-14.563600,132.477600,N/A,PFT03,"PFT3(0.6), PFT11(0.40)",TrBrDe,"TrBrDe(0.60), NatGrC4(0.40)",C,C4,N/A,"Tropical savannas / IBRA: DAB / Woodland savanna on sandy loam soils, cleared and converted to cropland in 2012, fire frequency (in uncleared
state) 1 in 12 years. / The savanna has now been cleared and the land is being cultivated for watermelon production in 2013",https://data.ozflux.org.au/portal/pub/viewColDetails.jspx?collection.id=1882721&collection.owner.id=304&viewType=anonymous & https://www.researchgate.net/publication/309558727_An_introduction_to_the_Australian_and_New_Zealand_flux_tower_network_-_OzFlux,fluxnet2015,N/A,2011-2013,N/A,N/A,N/A,WSA,,,,
AU-Rig,Riggs Creek,-36.649900,145.575900,N/A,PFT10,"PFT10(0.90), PFT11(0.10)",NatGrC3,"NatGrC3(0.90), NatGrC4(0.10)",A,A4,N/A,Pasture / Inactive Site / IBRA: RIV / Ongoing cattle and sheep grazing.,https://www.ozflux.org.au/monitoringsites/riggscreek/riggscreek_description.html & https://www.researchgate.net/publication/309558727_An_introduction_to_the_Australian_and_New_Zealand_flux_tower_network_-_OzFlux,fluxnet2015,N/A,2011-2014,2011-2016,N/A,N/A,GRA,,,,
AU-Rob,"Robson Creek, Queensland, Australia",-17.117500,145.630100,N/A,PFT05,"PFT5(0.90), PFT10(0.05), PFT11(0.05)",TrBrEv,"TrBrEv(0.90), NatGrC3(0.05), NatGrC4(0.05)",A,A4,N/A,"Regional Ecosystem (RE) 7.3.36a, complex mesophyll vine forest (Queensland Government 2006). The forest type changes to RE 7.12.16a, simple to complex notophyll vine forest / Tropical and sub-tropical moist broadleaf forests / Selective logging finished 1969. World Heritage, National Park fetch region. Traditional use of the forest by
Tablelands Yidinji had finished by the 1960s.",https://ozflux.org.au/monitoringsites/robsoncreek/robsoncreek_description.html https://www.researchgate.net/publication/309558727_An_introduction_to_the_Australian_and_New_Zealand_flux_tower_network_-_OzFlux,fluxnet2015,N/A,2014-2014,2014-2017,N/A,N/A,EBF,,,,
AU-Stp,Sturt Plains,-17.150700,133.350200,N/A,PFT11,PFT11(1),NatGrC4,NatGrC4(1.00),A,B3,N/A,"Tropical grasslands / IBRA: MGD / Mitchel grassland plain on cracking clay soils (vertosol), very low grazing pressure (<0.1 head ha -1 ), fire 1 in
16 years.",https://ozflux.org.au/monitoringsites/sturtplains/sturtplains_description.html https://www.researchgate.net/publication/309558727_An_introduction_to_the_Australian_and_New_Zealand_flux_tower_network_-_OzFlux,fluxnet2015,N/A,2008-2014,2010-2017,N/A,N/A,GRA,,,,
AU-TTE,Ti Tree East,-22.287000,133.640000,N/A,PFT01,"PFT1(0.4), PFT3(0.3), PFT11(0.3)",BS,"BS(0.40), NatGrC4(0.30), TrBrDe(0.30)",B,,N/A,"grassy mulga woodland and Corymbia/Triodia savanna. The woodland is characterised by a mulga (Acacia aneura) canopy /Deserts and xeric shrublands / IBRA: BRT / Pine Hill cattle station. Cattle grazing ceased between 2009 – 2013 but was re-introduced in in July 2014 and
stocked continuously in low-to-moderate densities (~3000 head of cattle on ca. 700 km2 ).",https://ozflux.org.au/monitoringsites/titreeeast/titreeeast_description.html https://www.researchgate.net/publication/309558727_An_introduction_to_the_Australian_and_New_Zealand_flux_tower_network_-_OzFlux,fluxnet2015,N/A,2012-2013,2013-2017,N/A,N/A,GRA,,,,
AU-Tum,Tumbarumba,-35.656600,148.151700,N/A,PFT05,"PFT5(0.80), PFT10(0.20)",TrBrEv,"TrBrEv(0.80), NatGrC3(0.20)",A,A3,N/A,"wet sclerophyll, the dominant species is alpine ash (Eucalyptus delegatensis), / Temperate broadleaf and mixed forest / IBRA: NSS / 2003 insect attack, 2004 selective logging in footprint.",https://ozflux.org.au/monitoringsites/tumbarumba/tumba_description.html https://www.researchgate.net/publication/309558727_An_introduction_to_the_Australian_and_New_Zealand_flux_tower_network_-_OzFlux https://fluxnet.org/sites/siteinfo/AU-Tum,"fluxnet2007, fluxnet2015",2001-2006,2001-2014,2002-2017,N/A,N/A,EBF,,,,
AU-Wac,Wallaby Creek,-37.425900,145.187800,N/A,PFT05,"PFT5(0.9), PFT10(0.10)",TrBrEv,"TrBrEv(0.90), NatGrC3(0.10)",A,B4,N/A,Eucalyptus Regnans or Mountain Ash / Temperate broadleaf and mixed forest / IBRA: SHE / Old growth forest burned by stand replacing fire in Feb 2009 and now regrowing forest.,https://ozflux.org.au/monitoringsites/wallabycreek/wallabyck_description.html & https://www.researchgate.net/publication/309558727_An_introduction_to_the_Australian_and_New_Zealand_flux_tower_network_-_OzFlux,"fluxnet2007, fluxnet2015",2005-2007,2005-2008,N/A,N/A,N/A,EBF,,,,
AU-Whr,Whroo,-36.673200,145.029400,N/A,PFT05,"PFT5(0.9), PFT10(0.10)",TrBrEv,"TrBrEv(0.90), NatGrC3(0.10)",A,B3,N/A,"box woodland. The vegetation is dominated by two main Eucalypt species: Eucalyptus microcarpa (Grey Box) and Eucalyptus leucoxylon (Yellow Gum). Smaller numbers of Eucalyptus sideroxylon (Ironbark) and Acacia pycnantha (Golden Wattle) / Temperate woodlands / IBRA: VIM / Clearing in the broader area during the 19th century to supply timber for gold mining. It is also thought that
there was selective logging in the area during much of the 20th century. Some of this is most likely relatively
recent, with numerous tree stumps present at the site.",https://ozflux.org.au/monitoringsites/whroo/whroo_description.html https://www.researchgate.net/publication/309558727_An_introduction_to_the_Australian_and_New_Zealand_flux_tower_network_-_OzFlux,fluxnet2015,N/A,2011-2014,2015-2016,N/A,N/A,EBF,,,,
AU-Wom,Wombat,-37.422200,144.094400,N/A,PFT05,"PFT5(0.90), PFT10(0.10)",TrBrEv,"TrBrEv(0.90), NatGrC3(0.10)",A,A3,N/A,"Eucalyptus obliqua (messmate stringybark), Eucalyptus radiata (narrow leaf peppermint) and Eucalyptus rubida (candlebark) /Temperate broadleaf forest / IBRA: VIM / Site is a ～25 years old secondary regrowth forest with a tree height of 21–25 m. Forest management includes
rotational prescribed burns of understorey vegetation and shelter wood harvesting",https://ozflux.org.au/monitoringsites/wombat/wombat_description.html https://www.researchgate.net/publication/309558727_An_introduction_to_the_Australian_and_New_Zealand_flux_tower_network_-_OzFlux,fluxnet2015,N/A,2010-2012,N/A,N/A,N/A,EBF,,,,
AU-Ync,Jaxa,-34.989300,146.290700,N/A,PFT10,"PFT10(0.85),PFT11(0.15)",NatGrC3,"NatGrC3(0.85), NatGrC4(0.15)",A,C3,N/A,Temperate grasslands / IBRA: RIV / Ongoing cattle and sheep grazing,https://ozflux.org.au/monitoringsites/yanco/yanco_description.html https://www.researchgate.net/publication/309558727_An_introduction_to_the_Australian_and_New_Zealand_flux_tower_network_-_OzFlux,fluxnet2015,N/A,2012-2014,2011-2017,N/A,N/A,GRA,,,,
BE-Bra,Brasschaat,51.307600,4.519800,N/A,PFT04,"PFT4(0.80), PFT6(0.10), PFT10(0.10)",TrNeEv,"TrNeEv(0.80), NatGrC3(0.10), TrBrDe(0.10)",A,B2,N/A,"frac_300 arrondie / target area is dominated by Scots
pine (Pinus sylvestris L.) contributing on average 82% of basal area in the SPs and 90% in the CPs.
Other species present in most plots and contributing to the total basal area are silver birch (Betula
pendula Roth), common oak (Quercus robur L.), mountain ash (Sorbus aucuparia L.) and alder
buckthorn (Frangula alnus Mill.) / even-aged Scots pine stand (Pinus sylvestris L.) situated within a 150 ha mixed coniferous/deciduous forest dominated by Scots pine. The forest surrounding the site consists of several broadleaf species, some native, such as Betula pendula Roth., Sorbus aucuparia L., Quercus robur L. and some – for this region – alien species such as Quercus rubra L. and Castanea sativa Mill. ",https://meta.icos-cp.eu/resources/stations/ES_BE-Bra & https://fluxnhttps://meta.icos-cp.eu/resources/stations/ES_BE-Bra et.org/sites/siteinfo/BE-Bra,"fluxnet2007, fluxnet2015, warmwinter2020",1997-2006,1996-2014,2004-2014,N/A,1996-2019,MF,,,,
BE-Dor,Dorine,50.311900,4.968000,N/A,PFT10,PFT10(1.00),NatGrC3,NatGrC3(1.00),A,B3,N/A,N/A,https://meta.icos-cp.eu/resources/stations/ES_BE-Dor,warmwinter2020,N/A,N/A,N/A,N/A,2011-2020,N/A,,,,
BE-Jal,Jalhay,50.563900,6.073300,N/A,PFT04,"PFT4(0.55), PFT6(0.35), PFT10(0.1)",TrNeEv,"TrNeEv(0.55), TrBrDe(0.35), NatGrC3(0.10)",B,A1,N/A,"Young mixed forest (originally / before clearcut and afforestation, spruce forest)",https://www.icos-belgium.be/files/ICOS_COnsortium-day_2016_Jalhay.pdf,fluxnet2007,2006-2006,N/A,N/A,N/A,N/A,MF,,,,
BE-Lcr,Lochistri,51.112200,3.850400,N/A,PFT06,"PFT6(0.50), PFT12(0.50)",TrBrDe(0.50),"TrBrDe(0.50), CropsC3(0.50)",N/A,,N/A,taillis de peupliers / infos site - à eviter (mixte),https://meta.icos-cp.eu/resources/stations/ES_BE-Lcr,warmwinter2020,N/A,N/A,N/A,N/A,2019-2019,N/A,,,,
BE-Lon,Lonzee,50.551600,4.746200,N/A,PFT12,PFT12(1.00),CropsC3,CropsC3(1.00),A,A2,N/A,N/A,,"fluxnet2007, fluxnet2015, warmwinter2020",2004-2006,2004-2014,2005-2014,N/A,2004-2020,CRO,,,,
BE-Maa,Maasmechelen,50.980100,5.631900,N/A,N/A,N/A,N/A,N/A,N/A,,N/A,infos site - à éviter (bruyère),https://meta.icos-cp.eu/resources/stations/ES_BE-Maa,warmwinter2020,N/A,N/A,N/A,N/A,2016-2019,N/A,,,,
BE-Vie,Vielsalm,50.304900,5.998100,N/A,PFT04,"PFT4(0.60), PFT6(0.40)",TrNeEv,"TrNeEv(0.60), TrBrDe(0.40)",B,A1,N/A,infos site,https://meta.icos-cp.eu/resources/stations/ES_BE-Vie & https://deims.org/c4c1c0ca-5a43-4d19-ab50-34dad0af44e8,"fluxnet2007, fluxnet2015, warmwinter2020",1996-2006,1996-2014,1997-2014,N/A,1996-2020,MF,,,,
BR-Sa3,Santarem-Km83-Logged Forest,-3.018000,-54.971400,N/A,PFT02,PFT2(1.00),TrBrEv,TrBrEv(1.00),A,B4,N/A,EBF,https://ameriflux.lbl.gov/sites/siteinfo/BR-Sa3 https://fluxnet.org/sites/siteinfo/BR-Sa3,"fluxnet2007, fluxnet2015",2000-2003,2000-2004,2001-2003,N/A,N/A,EBF,,,,
BW-Ghg,Ghanzi Grass Site,-21.510000,21.740000,N/A,PFT11,"PFT3(0.10), PFT11(0.75), PFT14(0.15)",NatGrC4,"NatGrC4(0.75), NatGrC3(0.15), TrBrDe(0.10)",C,D4,N/A,GRA,http://www.europe-fluxdata.eu/home/site-details?id=BW-GhG,fluxnet2007,2003-2003,N/A,N/A,N/A,N/A,SAV,,,,
BW-Ghm,Ghanzi Mixed Site,-21.200000,21.750000,N/A,PFT11,"PFT3(0.20), PFT11(0.60), PFT14(0.20)",NatGrC4,"NatGrC4(0.60), NatGrC3(0.20), TrBrDe(0.20)",C,D3,N/A,SAV,http://www.europe-fluxdata.eu/home/site-details?id=BW-GhM,fluxnet2007,2003-2003,N/A,N/A,N/A,N/A,WSA,,,,
BW-Ma1,Maun- Mopane Woodland,-19.915500,23.560500,N/A,PFT03,"PFT3(0.4),PFT10(0.2),PFT11(0.4)",NatGrC4,"NatGrC4(0.40), TrBrDe(0.40), NatGrC3(0.20)",C,B3,N/A,SAV,http://www.europe-fluxdata.eu/home/site-details?id=BW-Ma1,fluxnet2007,1999-2001,N/A,2000-2000,N/A,N/A,WSA,,,,
CA-Man,Manitoba - Northern Old Black Spruce (former BOREAS Northern Study Area),55.879600,-98.480800,N/A,PFT07,"PFT7(0.85), PFT15(0.15)",TrNeEv,"TrNeEv(0.85), NatGrC3(0.15)",A,B2,N/A,ENF,https://ameriflux.lbl.gov/sites/siteinfo/CA-Man,"fluxnet2007, fluxnet2015",1994-2003,1994-2008,N/A,N/A,N/A,ENF,,,,
CA-Mer,Eastern Peatland- Mer Bleue,45.409400,-75.518600,N/A,N/A,N/A,N/A,N/A,N/A,,N/A,eviter : Wetland,https://ameriflux.lbl.gov/sites/siteinfo/CA-Mer,fluxnet2007,1998-2005,N/A,N/A,N/A,N/A,WET,,,,
CA-NS1,UCI-1850 burn site,55.879200,-98.483900,N/A,PFT07,"PFT7(0.85), PFT15(0.15)",TrNeEv,"TrNeEv(0.85), NatGrC3(0.15)",A,C3,N/A,ENF,https://ameriflux.lbl.gov/sites/siteinfo/CA-NS1,"fluxnet2007, fluxnet2015",2002-2005,2001-2005,2003-2003,N/A,N/A,ENF,,,,
CA-NS2,UCI-1930 burn site,55.905800,-98.524700,N/A,PFT07,"PFT7(0.85), PFT15(0.15)",TrNeEv,"TrNeEv(0.85), NatGrC3(0.15)",A,B3,N/A,ENF,https://ameriflux.lbl.gov/sites/siteinfo/CA-NS2,"fluxnet2007, fluxnet2015",2001-2005,2001-2005,2002-2004,N/A,N/A,ENF,,,,
CA-NS3,UCI-1964 burn site,55.911700,-98.382200,N/A,PFT07,"PFT7(0.80), PFT15(0.20)",TrNeEv,"TrNeEv(0.80), NatGrC3(0.20)",A,B2,N/A,ENF,https://ameriflux.lbl.gov/sites/siteinfo/CA-NS3,"fluxnet2007, fluxnet2015",2001-2005,2001-2005,N/A,N/A,N/A,ENF,,,,
CA-NS4,UCI-1964 burn site wet,55.914400,-98.380600,N/A,PFT07,"PFT7(0.65), PFT15(0.35)",TrNeEv,"TrNeEv(0.65), NatGrC3(0.35)",A,B3,N/A,ENF,https://ameriflux.lbl.gov/sites/siteinfo/CA-NS4,"fluxnet2007, fluxnet2015",2002-2004,2002-2005,2003-2004,N/A,N/A,ENF,,,,
CA-NS5,UCI-1981 burn site,55.863100,-98.485000,N/A,PFT07,"PFT7(0.7), PFT1(0.2), PFT15(0.1)",TrNeEv,"TrNeEv(0.70), BS(0.20), NatGrC3(0.10)",A,B3,N/A,ENF,https://ameriflux.lbl.gov/sites/siteinfo/CA-NS6,"fluxnet2007, fluxnet2015",2001-2005,2001-2005,2003-2004,N/A,N/A,ENF,,,,
CA-NS6,UCI-1989 burn site,55.916700,-98.964400,N/A,PFT07,"PFT7(0.8), PFT15(0.2)",TrNeEv,"TrNeEv(0.80), NatGrC3(0.20)",A,B3,N/A,Black spruce trees undergo a slow growth process enabling the accurate determination of the chronosequence of stand age disturbance. / OSH https://ameriflux.lbl.gov/sites/siteinfo/CA-NS6 ? ENF ? https://daac.ornl.gov/NACP/guides/VPRM_North_America_Parameters.html,https://www.osti.gov/dataexplorer/biblio/dataset/1902829,"fluxnet2007, fluxnet2015",2001-2005,2001-2005,2002-2004,N/A,N/A,OSH,,,,
CA-NS7,UCI-1998 burn site,56.635800,-99.948300,N/A,PFT07,"PFT7(0.70), PFT15(0.30)",TrNeEv,"TrNeEv(0.70), NatGrC3(0.30)",A,B2,N/A,Black spruce trees undergo a slow growth process enabling the accurate determination of the chronosequence of stand age disturbance. / OSH https://ameriflux.lbl.gov/sites/siteinfo/CA-NS7 ? ENF ? https://daac.ornl.gov/NACP/guides/VPRM_North_America_Parameters.html,https://fluxnet.org/sites/siteinfo/CA-NS7 https://www.osti.gov/dataexplorer/biblio/dataset/1246004,"fluxnet2007, fluxnet2015",2002-2005,2002-2005,2003-2004,N/A,N/A,OSH,,,,
CA-Obs,"Saskatchewan - Western Boreal, Mature Black Spruce",53.9872,-105.1178,N/A,PFT07,"PFT7(0.85), PFT9 (0.1), PFT15(0.05)",TrNeEv,"TrNeEv(0.85), NatGrC3(0.05)",A,A3,N/A,ENF,https://water.usask.ca/berms/#Sites & https://ameriflux.lbl.gov/sites/siteinfo/CA-Obs,,,,,,,,,,,
CA-Ojp,"Saskatchewan - Western Boreal, Mature Jack Pine", 	53.9163,-104.6920,N/A,PFT07,"PFT7(0.9), PFT15(0.1)",TrNeEv,"TrNeEv(0.90), NatGrC3(0.10)",A,A3,N/A,ENF,https://water.usask.ca/berms/#Sites & https://ameriflux.lbl.gov/sites/siteinfo/CA-Ojp,,,,,,,,,,,
CA-Qcu,Quebec Boreal Cutover Site,49.267100,-74.036500,N/A,PFT15,"PFT7(0.3), PFT15(0.7)",NatGrC3,"NatGrC3(0.70), TrNeEv(0.30)",N/A,,N/A,cultover éviter ? boreal_cool (Dfc) / ENF,https://ameriflux.lbl.gov/sites/siteinfo/CA-Qcu,fluxnet2007,2001-2006,N/A,2002-2006,N/A,N/A,ENF,,,,
CA-Qfo,"Quebec - Eastern Boreal, Mature Black Spruce",49.692500,-74.342100,N/A,PFT07,"PFT7(0.9), PFT15(0.1)",TrNeEv,"TrNeEv(0.90), NatGrC3(0.10)",A,A3,N/A,ENF,https://ameriflux.lbl.gov/sites/siteinfo/CA-Qfo,"fluxnet2007, fluxnet2015",2003-2006,2003-2010,2004-2010,N/A,N/A,ENF,,,,
CA-SF1,"Saskatchewan - Western Boreal, forest burned in 1977",54.485000,-105.817600,N/A,PFT07,"PFT7(0.9), PFT15(0.1)",TrNeEv,"TrNeEv(0.90), NatGrC3(0.10)",A,B2,N/A,ENF,https://ameriflux.lbl.gov/sites/siteinfo/CA-SF1,"fluxnet2007, fluxnet2015",2003-2005,2003-2006,2004-2006,N/A,N/A,ENF,,,,
CA-SF2,"Saskatchewan - Western Boreal, forest burned in 1989",54.253900,-105.877500,N/A,PFT07,"PFT7(0.5), PFT8(0.4), PFT15(0.1)",TrNeEv,"TrNeEv(0.50), TrBrDe(0.40), NatGrC3(0.10)",A,B3,N/A,N/A,https://ameriflux.lbl.gov/sites/siteinfo/CA-SF2,"fluxnet2007, fluxnet2015",2003-2005,2001-2005,2003-2005,N/A,N/A,ENF,,,,
CA-SF3,"Saskatchewan - Western Boreal, forest burned in 1998",54.091600,-106.005300,N/A,PFT07,"PFT7(0.6), PFT8(0.3), PFT15(0.1)",TrNeEv,"TrNeEv(0.60), TrBrDe(0.30), NatGrC3(0.10)",A,B3,N/A,N/A,N/A,"fluxnet2007, fluxnet2015",2003-2005,2001-2006,2003-2005,N/A,N/A,OSH,,,,
CH-Aws,Alp Weissenstein,46.583200,9.790400,N/A,PFT15,"PFT15(0.80), PFT7(0.20)",NatGrC3,"NatGrC3(0.80), TrNeEv(0.20)",A,C3,N/A,"infos site : Deschampsio cespitosae-Poetum alpinae (at research site), Trifolio thalii-Festucetum violoceae (slope above research site)",http://www.europe-fluxdata.eu/home/site-details?id=CH-Aws & https://www.swissfluxnet.ethz.ch/index.php/sites/site-info-ch-aws-2/,warmwinter2020,N/A,N/A,N/A,N/A,2006-2019,N/A,,,,
CH-Cha,Chamau,47.210200,8.410400,N/A,PFT10,PFT10(1.00),NatGrC3,NatGrC3(1.00),A,A4,N/A,N/A,https://www.swissfluxnet.ethz.ch/index.php/sites/site-info-ch-cha/,"fluxnet2015, warmwinter2020",N/A,2005-2014,2006-2014,N/A,2005-2019,GRA,,,,
CH-Dav,Davos,46.815300,9.855900,N/A,PFT07,"PFT7(0.90), PFT15(0.10)",TrNeEv,"TrNeEv(0.90), NatGrC3(0.10)",A,A3,N/A,N/A,N/A,"fluxnet2015, warmwinter2020",N/A,1997-2014,1997-2014,N/A,1997-2019,ENF,,,,
CH-Fru,Früebüel,47.115800,8.537800,N/A,PFT10,"PFT10(0.80), PFT6(0.10), PFT4(0.10)",NatGrC3,"NatGrC3(0.80), TrBrDe(0.10), TrNeEv(0.10)",A,A3,N/A,infos site,https://www.swissfluxnet.ethz.ch/index.php/sites/site-info-ch-fru/ & https://fluxnet.org/sites/siteinfo/CH-Fru,"fluxnet2015, warmwinter2020",N/A,2005-2014,2007-2014,N/A,2005-2019,GRA,,,,
CH-Lae,Laegern,47.478300,8.364400,N/A,PFT06,"PFT6(0.60), PFT4(0.40)",TrBrDe,"TrBrDe(0.60), TrNeEv(0.40)",B,A3,N/A,infos site,https://fluxnet.org/sites/siteinfo/CH-Lae & https://www.swissfluxnet.ethz.ch/index.php/sites/site-info-ch-lae/,"fluxnet2015, warmwinter2020",N/A,2004-2014,N/A,N/A,2004-2019,MF,,,,
CH-Oe1,Oensingen grassland,47.285800,7.731900,N/A,PFT10,"PFT10(0.85), PFT13(0.15)",NatGrC3,"NatGrC3(0.85), CropsC4(0.15)",B,A3,N/A,GRA mais ressemble à des crops ?,https://fluxnet.org/sites/siteinfo/CH-Oe1,"fluxnet2007, fluxnet2015",2002-2006,2002-2008,2002-2008,N/A,N/A,GRA,,,,
CH-Oe2,Oensingen crop,47.286400,7.733700,N/A,PFT12,"PFT12(0.85), PFT13(0.15)",CropsC3,"CropsC3(0.85), CropsC4(0.15)",N/A,,N/A,a eviter : crop rotation,https://www.swissfluxnet.ethz.ch/index.php/sites/site-info-ch-oe2/ & https://fluxnet.org/sites/siteinfo/CH-Oe2,"fluxnet2007, fluxnet2015, warmwinter2020",2005-2005,2004-2014,N/A,N/A,2004-2019,CRO,,,,
CN-Cha,Changbaishan,42.402500,128.095800,N/A,PFT06,"PFT6(0.6),PFT4(0.2),PFT15(0.2)",TrBrDe,"TrBrDe(0.60), NatGrC3(0.20), TrNeEv(0.20)",A,A2,N/A,"Mixed Forest : Korean pine (Pinus koraiensis), Amur linden (Tilia amurensis), Mono maple (Acer mono), Manchurian ash (Fraxinus mandshurica) and Mongolian oak (Quercus mongolica)K",http://www.chinaflux.org/engczd/index.aspx?nodeid=1038,fluxnet2015,N/A,2003-2005,2003-2005,N/A,N/A,MF,,,,
CN-Cng,Changling,44.593400,123.509200,N/A,PFT11,"PFT11(0.5), PFT10(0.4), PFT1(0.1)",NatGrC4,"NatGrC4(0.50), NatGrC3(0.40), BS(0.10)",B,B3,N/A,GRA,https://fluxnet.org/sites/siteinfo/CN-Cng,fluxnet2015,N/A,2007-2010,2008-2009,N/A,N/A,GRA,,,,
CN-Dan,Dangxiong,30.497800,91.066400,N/A,PFT15,"PFT15(0.9), PFT1(0.1)",NatGrC3,"NatGrC3(0.90), BS(0.10)",B,A4,N/A,"GRA / Kobresia pygmaea C. B., Stipa capillacea Keng and Carex montis-everestii Kükenth dominate the meadows, accompanied by other tussock sedges, grasses and herbs, all of which provide about 50-80%",http://www.chinaflux.org/engczd/index.aspx?nodeid=609 https://fluxnet.org/sites/siteinfo/CN-Dan,fluxnet2015,N/A,2004-2005,2004-2005,N/A,N/A,GRA,,,,
CN-Din,Dinghushan,23.173300,112.536100,N/A,PFT05,"PFT5(0.8), PFT4(0.2)",TrBrEv,"TrBrEv(0.80), TrNeEv(0.20)",B,A3,N/A,"typical evergreen broadleaved forest of subtropical and typics,which is well conserved near the Tropic of Cancer. Dinghushan biosphere reserve has lots of botanic types, includes many endangered and rare types.Major dominant species in canopy layers include Cleistocalyx Operculatus,Ayzygium jambos,Castanopsis chinensis Pinus massoniania, Rhododendron Moulmainense,etc.the vegetation type at this region can be divided into rainforest ,Monsoon evergreen broadleaved forest, pine and broad-leaved mixed forest,pine forest ,mountain shrubby grassland ,etc.",http://www.chinaflux.org/engczd/index.aspx?nodeid=625,fluxnet2015,N/A,2003-2005,2003-2005,N/A,N/A,EBF,,,,
CN-Du2,Duolun_grassland (D01),42.046700,116.283600,N/A,PFT15,PFT15(1.00),NatGrC3,NatGrC3(1.00),A,B3,N/A,Stipa spp. and Artemisia frigida,http://www.chinaflux.org/engczd/index.aspx?nodeid=616,fluxnet2015,N/A,2006-2008,2007-2008,N/A,N/A,GRA,,,,
CN-Ha2,Haibei Shrubland,37.608600,101.326900,N/A,PFT15,PFT15(1.00),NatGrC3,NatGrC3(1.00),N/A,,N/A,"eviter : Wetland / Kobresia humilis, Festuca ovina, Elymus nutans, Poa pratensis, Carexsca brirostris, Scripus distigmaticus, Gentiana straminea, Gentiana farreri, Leontop odiumnanum, Blvsmus sinocompressus, Potentilla nivea, and Dasiphora fruticosa. ",http://www.chinaflux.org/engczd/index.aspx?nodeid=611,fluxnet2015,N/A,2003-2005,N/A,N/A,N/A,WET,,,,
CN-HaM,Haibei Alpine Tibet site,37.370000,101.180000,N/A,PFT15,PFT15(1.00),NatGrC3,NatGrC3(1.00),A,A2,N/A,N/A,N/A,fluxnet2015,N/A,2002-2004,2002-2003,N/A,N/A,GRA,,,,
CN-Qia,Qianyanzhou,26.741400,115.058100,N/A,PFT04,"PFT4(0.8), PFT10(0.2)",TrNeEv,"TrNeEv(0.80), NatGrC3(0.20)",A,A2,N/A,"planted coniferous forest, which was planted in 1983.The dominant species are Pinus elliottii,Pinus massoniana,Cunninghamia lanceolata and Schima superba etc.T",http://www.chinaflux.org/engczd/index.aspx?nodeid=278,fluxnet2015,N/A,2003-2005,2003-2005,N/A,N/A,ENF,,,,
CN-Sw2,Siziwang Grazed (SZWG),41.790200,111.897100,N/A,PFT10,PFT10(1.00),NatGrC3,NatGrC3(1.00),B,,N/A,"Stipa breviflora, Cleistogenes songorica and Artemisia frigid. Major companion species includes Convolvulus ammannii, Neopallasia pectinate, Kochi prostrate, Allium tenuissimum, Caragana stenophylla, Leymus chinensis, and Caragana microphylla.",http://www.chinaflux.org/engczd/index.aspx?nodeid=617,fluxnet2015,N/A,2010-2012,N/A,N/A,N/A,GRA,,,,
CZ-BK1,Bily Kriz forest,49.502100,18.536900,N/A,PFT04,"PFT4(0.85), PFT15(0.15)",TrNeEv,"TrNeEv(0.85), NatGrC3(0.15)",A,A3,N/A,N/A,https://meta.icos-cp.eu/resources/stations/ES_CZ-BK1 & https://fluxnet.org/sites/siteinfo/CZ-BK1,"fluxnet2007, fluxnet2015, warmwinter2020",2000-2006,2004-2008,N/A,N/A,2004-2019,ENF,,,,
CZ-BK2,Bily Kriz grassland,49.494400,18.542900,N/A,PFT15,"PFT15(0.60), PFT4(0.40)",NatGrC3,"NatGrC3(0.60), TrNeEv(0.40)",B,D2,N/A,GRA / présence de bcp de sapins sur les images satellites,https://fluxnet.org/sites/siteinfo/CZ-BK2,fluxnet2015,N/A,2004-2006,N/A,N/A,N/A,GRA,,,,
CZ-KrP,Kresin u Pacova,49.573300,15.078800,N/A,PFT12,PFT12(1.00),CropsC3,CropsC3(1.00),A,A2,N/A,N/A,http://www.europe-fluxdata.eu/home/site-details?id=CZ-KrP & https://meta.icos-cp.eu/resources/stations/FLUXNET_CZ-KrP,warmwinter2020,N/A,N/A,N/A,N/A,2014-2020,N/A,,,,
CZ-Lnz,Lanzhot,48.681600,16.946400,N/A,PFT06,"PFT6(0.85), PFT10(0.15)",TrBrDe,"TrBrDe(0.85), NatGrC3(0.15)",A,A2,N/A,N/A,https://meta.icos-cp.eu/resources/stations/ES_CZ-Lnz & http://www.europe-fluxdata.eu/home/site-details?id=CZ-Lnz,warmwinter2020,N/A,N/A,N/A,N/A,2015-2019,N/A,,,,
CZ-RAJ,Rajec,49.443700,16.696500,N/A,PFT04,"PFT4(0.85), PFT10(0.15)",TrNeEv,"TrNeEv(0.85), NatGrC3(0.15)",A,A2,N/A,N/A,http://www.europe-fluxdata.eu/home/site-details?id=CZ-RAJ,warmwinter2020,N/A,N/A,N/A,N/A,2012-2019,N/A,,,,
CZ-Stn,Stitna,49.036000,17.969900,N/A,PFT06,"PFT6(0.85), PFT10(0.15)",TrBrDe,"TrBrDe(0.85), NatGrC3(0.15)",A,A2,N/A,N/A,http://www.europe-fluxdata.eu/home/site-details?id=CZ-Stn,warmwinter2020,N/A,N/A,N/A,N/A,2010-2019,N/A,,,,
CZ-wet,Trebon (CZECHWET),49.024700,14.770400,N/A,N/A,N/A,N/A,N/A,N/A,,N/A,à éviter : wetland,https://fluxnet.org/sites/siteinfo/CZ-wet,"fluxnet2007, fluxnet2015, warmwinter2020",2006-2006,2006-2014,2007-2014,N/A,2006-2019,WET,,,,
DE-Akm,Anklam,53.866200,13.683400,N/A,N/A,N/A,N/A,N/A,N/A,,N/A,à éviter : wetland,https://fluxnet.org/sites/siteinfo/DE-Akm,"fluxnet2015, warmwinter2020",N/A,2009-2014,N/A,N/A,2009-2019,WET,,,,
DE-Bay,Bayreuth-Waldstein/WeidenBrunnen,50.141900,11.866900,N/A,PFT04,"PFT4(0.85), PFT10(0.15)",TrNeEv,"TrNeEv(0.85), NatGrC3(0.15)",A,B2,N/A,ENF,https://www.europe-fluxdata.eu/home/site-details?id=DE-Bay,fluxnet2007,1996-1999,N/A,1997-1999,N/A,N/A,ENF,,,,
DE-Geb,Gebesee,51.099700,10.914600,N/A,PFT12,PFT12(1.00),CropsC3,CropsC3(1.00),A,A2,N/A,N/A,N/A,"fluxnet2007, fluxnet2015, warmwinter2020",2004-2006,2001-2014,2001-2014,N/A,2001-2019,CRO,,,,
DE-Gri,Grillenburg,50.950000,13.512600,N/A,PFT10,PFT10(1.00),NatGrC3,NatGrC3(1.00),A,,N/A,N/A,https://fluxnet.org/sites/siteinfo/DE-Gri & https://www.icos-cp.eu/sites/default/files/cmis/DE-Gri%20Associated%20ICOS%20Ecosystem%20Station%20Labelling%20Report.pdf,"fluxnet2007, fluxnet2015, warmwinter2020",2005-2006,2004-2014,2004-2014,N/A,2004-2019,GRA,,,,
DE-Hai,Hainich,51.079200,10.452200,N/A,PFT06,"PFT6(0.90), PFT10(0.10)",TrBrDe,"TrBrDe(0.90), NatGrC3(0.10)",A,A2,N/A,N/A,N/A,"fluxnet2007, fluxnet2015, warmwinter2020",2000-2006,2000-2012,2000-2012,N/A,2000-2020,DBF,,,,
DE-HoH,Hohes Holz,52.085300,11.219200,N/A,PFT06,"PFT6(0.90), PFT10(0.10)",TrBrDe,"TrBrDe(0.90), NatGrC3(0.10)",A,A1,N/A,infos sites et frac_300m,https://meta.icos-cp.eu/resources/stations/ES_DE-HoH & https://www.icos-cp.eu/sites/default/files/cmis/DE-HoH%20ICOS%20Ecosystem%20Station%20Labelling%20Report.pdf,warmwinter2020,N/A,N/A,N/A,N/A,2015-2019,N/A,,,,
DE-Hzd,Hetzdorf,50.963800,13.489800,N/A,PFT06,"PFT6(0.80), PFT4(0.20)",TrBrDe,"TrBrDe(0.80), TrNeEv(0.20)",B,A2,N/A,infos site et frac_300m,https://meta.icos-cp.eu/resources/stations/ES_DE-Hzd & http://www.europe-fluxdata.eu/home/site-details?id=DE-Hzd,warmwinter2020,N/A,N/A,N/A,N/A,2010-2019,N/A,,,,
DE-Kli,Klingenberg,50.893100,13.522400,N/A,PFT12,PFT12(1.00),CropsC3,CropsC3(1.00),A,A2,N/A,N/A,N/A,"fluxnet2007, fluxnet2015, warmwinter2020",2004-2006,2004-2014,2005-2014,N/A,2004-2019,CRO,,,,
DE-Lkb,Lackenberg,49.099600,13.304700,N/A,PFT04,"PFT4(0.70), PFT15(0.30)",TrNeEv,"TrNeEv(0.70), NatGrC3(0.30)",B,B3,N/A,ENF,https://fluxnet.org/sites/siteinfo/DE-Lkb,fluxnet2015,N/A,2009-2013,N/A,N/A,N/A,ENF,,,,
DE-Meh,Mehrstedt 1,51.275300,10.655500,N/A,PFT04,"PFT4(0.45), PFT6(0.45), PFT10(0.1)",TrBrDe,"TrBrDe(0.45), TrNeEv(0.45), NatGrC3(0.10)",C,B2,N/A,MF,https://www.europe-fluxdata.eu/home/site-details?id=DE-Meh,fluxnet2007,2003-2006,N/A,2004-2006,N/A,N/A,GRA,,,,
DE-Obe,Oberbärenburg,50.786700,13.721300,N/A,PFT04,"PFT4(0.80), PFT10(0.20)",TrNeEv,"TrNeEv(0.80), NatGrC3(0.20)",A,A2,N/A,frac_300m,N/A,"fluxnet2015, warmwinter2020",N/A,2008-2014,2008-2014,N/A,2008-2019,ENF,,,,
DE-RuR,Rollesbroich,50.621900,6.304100,N/A,PFT10,"PFT4(0.05), PFT10(0.95)",NatGrC3,"NatGrC3(0.95), TrNeEv(0.05)",A,,N/A,N/A,https://meta.icos-cp.eu/resources/stations/ES_DE-RuR & https://fluxnet.org/sites/siteinfo/DE-RuR,"fluxnet2015, warmwinter2020",N/A,2011-2014,N/A,N/A,2011-2020,GRA,,,,
DE-RuS,Selhausen Juelich,50.865900,6.447100,N/A,PFT12,"PFT12(0.90), PFT13(0.10)",CropsC3,"CropsC3(0.90), CropsC4(0.10)",A,A3,N/A,frac_300m,https://meta.icos-cp.eu/resources/stations/ES_DE-RuS & https://fluxnet.org/sites/siteinfo/DE-RuS,"fluxnet2015, warmwinter2020",N/A,2011-2014,N/A,N/A,2011-2020,CRO,,,,
DE-RuW,Wustebach,50.504900,6.331000,N/A,PFT04,"PFT4(0.85), PFT10(0.15)",TrNeEv,"TrNeEv(0.85), NatGrC3(0.15)",A,A3,N/A,N/A,https://meta.icos-cp.eu/resources/stations/ES_DE-RuW,warmwinter2020,N/A,N/A,N/A,N/A,2012-2020,N/A,,,,
DE-Seh,Selhausen,50.870600,6.449700,N/A,PFT12,"PFT12(0.90), PFT13(0.10)",CropsC3,"CropsC3(0.90), CropsC4(0.10)",A,B3,N/A,N/A,https://www.europe-fluxdata.eu/home/site-details?id=DE-Seh,fluxnet2015,N/A,2007-2010,2008-2010,N/A,N/A,CRO,,,,
DE-SfN,Schechenfilz Nord,47.806400,11.327500,N/A,PFT04,"PFT4(0.55), PFT10(0.45)",TrNeEv,"TrNeEv(0.55), NatGrC3(0.45)",N/A,,N/A,eviter : WETLAND,https://fluxnet.org/sites/siteinfo/DE-SfN,fluxnet2015,N/A,2012-2014,2013-2014,N/A,N/A,WET,,,,
DE-Spw,Spreewald,51.892200,14.033700,N/A,N/A,N/A,N/A,N/A,N/A,,N/A,eviter : WETLAND,N/A,fluxnet2015,N/A,2010-2014,N/A,N/A,N/A,WET,,,,
DE-Tha,Tharandt,50.962600,13.565100,N/A,PFT04,"PFT4(0.80), PFT10(0.20)",TrNeEv,"TrNeEv(0.80), NatGrC3(0.20)",A,A2,N/A,N/A,https://meta.icos-cp.eu/resources/stations/ES_DE-Tha,"fluxnet2007, fluxnet2015, warmwinter2020",1996-2006,1996-2014,1998-2014,N/A,1996-2019,ENF,,,,
DE-Wet,Wetzstein,50.453500,11.457500,N/A,PFT04,"PFT4(0.85), PFT10(0.15)",TrNeEv,"TrNeEv(0.85), NatGrC3(0.15)",A,A2,N/A,ENF,https://www.europe-fluxdata.eu/home/site-details?id=DE-Wet,fluxnet2007,2002-2006,N/A,2002-2006,N/A,N/A,ENF,,,,
DK-Fou,Foulum,56.484200,9.587200,N/A,PFT12,PFT12(1),CropsC3,CropsC3(1.00),B,A3,N/A,CRO,https://fluxnet.org/sites/siteinfo/DK-Fou,"fluxnet2007, fluxnet2015",2005-2005,2005-2005,2005-2005,N/A,N/A,CRO,,,,
DK-Gds,Gludsted Plantage,56.073700,9.334100,N/A,PFT04,"PFT4(0.90), PFT10(0.10)",TrNeEv,"TrNeEv(0.90), NatGrC3(0.10)",A,D3,N/A,info sites et frac_300m,https://meta.icos-cp.eu/resources/stations/ES_DK-Gds,warmwinter2020,N/A,N/A,N/A,N/A,2020-2020,N/A,,,,
DK-Lva,Lille Valby (Rimi),55.683300,12.083300,N/A,PFT10,PFT10(1),NatGrC3,NatGrC3(1.00),B,A2,N/A,GRA,https://www.europe-fluxdata.eu/home/site-details?id=DK-Lva,fluxnet2007,2005-2006,N/A,2005-2006,N/A,N/A,GRA,,,,
DK-Ris,Risbyholm,55.530300,12.097200,N/A,PFT12,PFT12(1),CropsC3,CropsC3(1.00),B,A2,N/A,CRO,https://www.europe-fluxdata.eu/home/site-details?id=DK-Ris,fluxnet2007,2004-2005,N/A,2004-2005,N/A,N/A,CRO,,,,
DK-Sor,Soroe,55.485900,11.644600,N/A,PFT06,"PFT6(0.85), PFT10(0.15)",TrBrDe,"TrBrDe(0.85), NatGrC3(0.15)",A,A2,N/A,N/A,https://meta.icos-cp.eu/resources/stations/ES_DK-Sor,"fluxnet2007, fluxnet2015, warmwinter2020",1996-2006,1996-2014,1997-2014,N/A,1996-2020,DBF,,,,
ES-Abr,Albuera,38.701800,-6.785900,N/A,PFT10,"PFT10(0.70), PFT5(0.30)",NatGrC3,"NatGrC3(0.70), TrBrEv(0.30)",B,B2,N/A,"PFT10 car KG temp_warm / infos site
et https://www.ncbi.nlm.nih.gov/pmc/articles/PMC7485101/","http://www.europe-fluxdata.eu/home/site-details?id=ES-Abr & https://egusphere.copernicus.org/preprints/2023/egusphere-2023-994/egusphere-2023-994.pdf 
https://fluxnet.org/2021/02/18/nutrient-availability-revealed-by-eddy-covariance-tarek-s-el-madany/",warmwinter2020,N/A,N/A,N/A,N/A,2015-2020,N/A,,,,
ES-Agu,Aguamarga,36.940000,-2.033200,N/A,PFT10,"PFT1(0.10), PFT10(0.75), PFT5(0.15)",NatGrC3,"NatGrC3(0.75), TrBrEv(0.15), BS(0.10)",B,B3,N/A,PFT14 car KG arid_warm / google map / publi / frac_300m,http://www.europe-fluxdata.eu/home/site-details?id=ES-Agu & https://agupubs.onlinelibrary.wiley.com/doi/full/10.1002/2015JG003091,warmwinter2020,N/A,N/A,N/A,N/A,2006-2020,N/A,,,,
ES-Cnd,Conde,37.915000,-3.227700,N/A,PFT05,"PFT1(0.10), PFT10(0.20), PFT5(0.70)",TrBrEv,"TrBrEv(0.70), NatGrC3(0.20), BS(0.10)",B,C4,N/A,Google Maps / oliviers (papiers),http://www.europe-fluxdata.eu/home/site-details?id=ES-Cnd & https://www.sciencedirect.com/science/article/pii/S0034425722004308 & https://uu.diva-portal.org/smash/get/diva2:1579426/FULLTEXT01.pdf,warmwinter2020,N/A,N/A,N/A,N/A,2014-2020,N/A,,,,
ES-ES1,El Saler,39.346000,-0.318800,N/A,PFT04,"PFT4(0.85),PFT6(0.05),PFT10(0.1)",TrNeEv,"TrNeEv(0.85), NatGrC3(0.10), TrBrDe(0.05)",B,A3,N/A,ENF,https://www.europe-fluxdata.eu/home/site-details?id=ES-ES1,fluxnet2007,1999-2006,N/A,1999-2006,N/A,N/A,ENF,,,,
ES-ES2,El Saler-Sueca,39.275500,-0.315200,N/A,PFT12,PFT12(1.00),CropsC3,CropsC3(1.00),A,B4,N/A,CRO,https://www.europe-fluxdata.eu/home/site-details?id=ES-ES2,fluxnet2007,2004-2006,N/A,2005-2006,N/A,N/A,CRO,,,,
ES-LgS,Laguna Seca,37.097900,-2.965800,N/A,PFT10,"PFT5(0.3), PFT10(0.4), PFT1(0.3)",NatGrC3,"NatGrC3(0.40), BS(0.30), ShBrEv(0.30)",B,A3,N/A,OSH,https://fluxnet.org/sites/siteinfo/ES-LgS,fluxnet2015,N/A,2007-2009,2007-2007,N/A,N/A,OSH,,,,
ES-LJu,Llano de los Juanes,36.926600,-2.752100,N/A,PFT10,"PFT6(0.10), PFT10(0.90)",NatGrC3,"NatGrC3(0.90), TrBrDe(0.10)",B,B4,N/A,"PFT10 car KG temp_warm / google maps & frac_300m
voir avec les 2 sites au-dessus si PFT14 ou PFT10",https://fluxnet.org/sites/siteinfo/ES-LJu & https://meta.icos-cp.eu/resources/stations/FLUXNET_ES-LJu,warmwinter2020,N/A,N/A,N/A,N/A,2004-2020,N/A,,,,
ES-LM1,Majadas del Tietar North,39.942700,-5.778700,N/A,PFT10,"PFT5(0.30), PFT10(0.70)",NatGrC3,"NatGrC3(0.70), TrBrEv(0.30)",B,A2,N/A,infos site (chene vert) & google map,https://egusphere.copernicus.org/preprints/2023/egusphere-2023-994/egusphere-2023-994.pdf & https://www.bgc-jena.mpg.de/en/servicegroups/fieldexperiements/locations/majadas& https://meta.icos-cp.eu/resources/stations/FLUXNET_ES-LM1 & http://www.europe-fluxdata.eu/home/site-details?id=ES-LM1,warmwinter2020,N/A,N/A,N/A,N/A,2014-2020,N/A,,,,
ES-LM2,Majadas del Tietar North,39.934600,-5.775900,N/A,PFT10,"PFT5(0.30), PFT10(0.70)",NatGrC3,"NatGrC3(0.70), TrBrEv(0.30)",B,A2,N/A,N/A,https://egusphere.copernicus.org/preprints/2023/egusphere-2023-994/egusphere-2023-994.pdf & http://www.europe-fluxdata.eu/home/site-details?id=ES-LM2,warmwinter2020,N/A,N/A,N/A,N/A,2014-2020,N/A,,,,
ES-LMa,Las Majadas del Tietar,39.941500,-5.773400,N/A,PFT10,"PFT1(0.1),PFT5(0.4),PFT10(0.5)",NatGrC3,"NatGrC3(0.50), TrBrEv(0.40), BS(0.10)",B,A2,N/A,"holm oak (Quercus Ilex) savanna with a tree density of ca. 20-25 trees per hectare, a canopy cover fraction of about 20%. The understory vegetation is dominated by annual herbaceous species (as Vulpia bromoides (L.) SF Grey; Vulpia geniculata (L.) Link; Trifolium subterraneum (L.), Ornithopus compressus (L.))",https://meta.icos-cp.eu/resources/stations/ES_ES-LMa https://www.europe-fluxdata.eu/home/site-details?id=ES-Lma,fluxnet2007,2004-2006,N/A,2004-2006,N/A,N/A,SAV,,,,
ES-Ln2,Lanjaron-Salvage logging,36.969500,-3.475800,N/A,PFT10,"PFT5(0.3), PFT10(0.4), PFT1(0.3)",NatGrC3,"NatGrC3(0.40), BS(0.30), TrBrEv(0.30)",B,C4,N/A,N/A,https://fluxnet.org/sites/siteinfo/ES-Ln2,fluxnet2015,N/A,2009-2009,N/A,N/A,N/A,OSH,,,,
ES-VDA,Vall d'Alinya,42.152200,1.448500,N/A,PFT10,"PFT10(0.6), PFT4(0.2), PFT1(0.2)",NatGrC3,"NatGrC3(0.60), BS(0.20), TrNeEv(0.20)",A,A3,N/A,GRA,https://www.europe-fluxdata.eu/home/site-details?id=ES-VDA,fluxnet2007,2004-2006,N/A,2004-2004,N/A,N/A,GRA,,,,
FI-Hyy,Hyytiala,61.847400,24.294800,N/A,PFT07,"PFT7(0.90), PFT15(0.10)",TrNeEv,"TrNeEv(0.90), NatGrC3(0.10)",A,A2,N/A,N/A,N/A,"fluxnet2007, fluxnet2015, warmwinter2020",1996-2006,1996-2014,1996-2014,N/A,1996-2019,ENF,,,,
FI-Jok,Jokioinen,60.898600,23.513400,N/A,PFT12,PFT12(1.00),CropsC3,CropsC3(1.00),C,B4,N/A,N/A,https://www.europe-fluxdata.eu/home/site-details?id=FI-Jok,fluxnet2015,N/A,2000-2003,N/A,N/A,N/A,CRO,,,,
FI-Kaa,Kaamanen wetland,69.140700,27.295000,N/A,N/A,N/A,N/A,N/A,N/A,,N/A,eviter : Wetland,https://www.europe-fluxdata.eu/home/site-details?id=FI-Kaa,fluxnet2007,2000-2006,N/A,2000-2002,N/A,N/A,WET,,,,
FI-Ken,Kenttarova,67.987200,24.243100,N/A,PFT07,"PFT7(0.85), PFT15(0.15)",TrNeEv,"TrNeEv(0.85), NatGrC3(0.15)",A,A3,N/A,N/A,https://meta.icos-cp.eu/resources/stations/ES_FI-Ken,warmwinter2020,N/A,N/A,N/A,N/A,2018-2019,N/A,,,,
FI-Let,Lettosuo,60.641800,23.959500,N/A,PFT04,"PFT4(0.70), PFT6(0.15), PFT15(0.15)",TrNeEv,"TrNeEv(0.70), NatGrC3(0.15), TrBrDe(0.15)",N/A,,N/A,"à éviter peatland forest > à éviter
voir https://doi.org/10.1016/j.agrformet.2023.109361 / voir infos site > aussi PFT6 ?",https://meta.icos-cp.eu/resources/stations/ES_FI-Let & https://doi.org/10.5194/bg-11-347-2014 & https://doi.org/10.1016/j.agrformet.2023.109361 & https://fluxnet.org/sites/siteinfo/FI-Let & https://egusphere.copernicus.org/preprints/2023/egusphere-2023-994/egusphere-2023-994.pdf & http://www.europe-fluxdata.eu/home/site-details?id=ES-LM1,warmwinter2020,N/A,N/A,N/A,N/A,2009-2020,N/A,,,,
FI-Lom,Lompolojankka,67.997200,24.209200,N/A,N/A,N/A,N/A,N/A,N/A,,N/A,eviter : Wetland,https://www.europe-fluxdata.eu/home/site-details?id=FI-Lom,fluxnet2015,N/A,2007-2009,2007-2009,N/A,N/A,WET,,,,
FI-Qvd,Qvidja,60.295200,22.391600,N/A,PFT12,"PFT12(0.80), PFT4(0.20)",CropsC3,"CropsC3(0.80), TrNeEv(0.20)",A,B2,N/A,google map & frac_300m,http://www.europe-fluxdata.eu/home/site-details?id=FI-Qvd,warmwinter2020,N/A,N/A,N/A,N/A,2018-2020,N/A,,,,
FI-Sii,Siikaneva,61.832700,24.192900,N/A,N/A,N/A,N/A,N/A,N/A,,N/A,à éviter : wetland,https://meta.icos-cp.eu/resources/stations/ES_FI-Sii & https://www.icos-cp.eu/sites/default/files/cmis/FI-Sii%20ICOS%20Ecosystem%20Station%20Labelling%20Report.pdf & https://fluxnet.org/sites/siteinfo/FI-Sii,warmwinter2020,N/A,N/A,N/A,N/A,2016-2019,N/A,,,,
FI-Sod,Sodankyla,67.362400,26.638600,N/A,PFT07,"PFT7(0.7), PFT15(0.3)",TrNeEv,"TrNeEv(0.70), NatGrC3(0.30)",A,A3,N/A,N/A,https://www.europe-fluxdata.eu/home/site-details?id=FI-Sod,"fluxnet2007, fluxnet2015",2000-2006,2001-2014,2008-2014,N/A,N/A,ENF,,,,
FI-Var,Varrio,67.754900,29.610000,N/A,PFT07,"PFT7(0.80), PFT15(0.20)",TrNeEv,"TrNeEv(0.80), NatGrC3(0.20)",A,A4,N/A,google map & frac_300m,https://meta.icos-cp.eu/resources/stations/ES_FI-Var & https://egusphere.copernicus.org/preprints/2023/egusphere-2023-994/egusphere-2023-994.pdf,warmwinter2020,N/A,N/A,N/A,N/A,2016-2020,N/A,,,,
FR-Aur,Aurade,43.549700,1.106100,N/A,N/A,N/A,N/A,N/A,N/A,,N/A,eviter ? rotation cultures,https://meta.icos-cp.eu/resources/stations/ES_FR-Aur,warmwinter2020,N/A,N/A,N/A,N/A,2005-2020,N/A,,,,
FR-Bil,Bilos,44.493700,-0.956080,N/A,PFT04,"PFT4(0.90), PFT10(0.10)",TrNeEv,"TrNeEv(0.90), NatGrC3(0.10)",B,A1,N/A,infos site & google map,https://meta.icos-cp.eu/resources/stations/ES_FR-Bil,warmwinter2020,N/A,N/A,N/A,N/A,2014-2020,N/A,,,,
FR-FBn,Font-Blanche,43.240800,5.679200,N/A,PFT04,"PFT4(0.60), PFT5(0.40)",TrNeEv,"TrNeEv(0.60), TrBrEv(0.40)",A,A2,N/A,infos site & google map,https://meta.icos-cp.eu/resources/stations/ES_FR-FBn & https://www.inrae.fr/actualites/foret-melangee-font-blanche-observatoire-faire-avancer-connaissances-fonctionnement-forets-mediterraneennes,warmwinter2020,N/A,N/A,N/A,N/A,2008-2019,N/A,,,,
FR-Fon,Fontainebleau-Barbeau,48.476400,2.780100,N/A,PFT06,"PFT6(0.90), PFT10(0.10)",TrBrDe,"TrBrDe(0.90), NatGrC3(0.10)",A,A2,N/A,N/A,https://meta.icos-cp.eu/resources/stations/ES_FR-Fon & https://fluxnet.org/sites/siteinfo/FR-Fon & https://egusphere.copernicus.org/preprints/2023/egusphere-2023-994/egusphere-2023-994.pdf,"fluxnet2007, fluxnet2015, warmwinter2020",2005-2006,2005-2014,2005-2013,N/A,2005-2020,DBF,,,,
FR-Gri,Grignon,48.844200,1.951900,N/A,PFT12,PFT12(1.00),CropsC3,CropsC3(1.00),A,A3,N/A,N/A,N/A,"fluxnet2007, fluxnet2015, warmwinter2020",2005-2006,2004-2013,2005-2013,N/A,2004-2020,CRO,,,,
FR-Hes,Hesse Forest- Sarrebourg,48.674200,7.064600,N/A,PFT06,"PFT6(0.90), PFT10(0.10)",TrBrDe,"TrBrDe(0.90), NatGrC3(0.10)",A,A1,N/A,N/A,https://meta.icos-cp.eu/resources/stations/ES_FR-Hes & https://egusphere.copernicus.org/preprints/2023/egusphere-2023-994/egusphere-2023-994.pdf,"fluxnet2007, warmwinter2020",1997-2006,N/A,1997-2006,N/A,2014-2020,DBF,,,,
FR-Lam,Lamasquere,43.496500,1.237800,N/A,N/A,N/A,N/A,N/A,N/A,,N/A,à éviter : rotation C3 et C4,https://meta.icos-cp.eu/resources/stations/ES_FR-Lam,warmwinter2020,N/A,N/A,N/A,N/A,2005-2019,N/A,,,,
FR-LBr,Le Bray,44.717100,-0.769300,N/A,PFT04,"PFT4(0.85),PFT5(0.05),PFT10(0.1)",TrNeEv,"TrNeEv(0.85), NatGrC3(0.10), TrBrEv(0.05)",A,A3,N/A,ENF,https://fluxnet.org/sites/siteinfo/FR-LBr,"fluxnet2007, fluxnet2015",1996-2006,1996-2008,2003-2008,N/A,N/A,ENF,,,,
FR-LGt,La Guette,47.322900,2.284100,N/A,N/A,N/A,N/A,N/A,N/A,,N/A,à éviter : wetland,https://meta.icos-cp.eu/resources/stations/ES_FR-LGt & https://fluxnet.org/sites/siteinfo/FR-LGt,warmwinter2020,N/A,N/A,N/A,N/A,2017-2019,N/A,,,,
FR-Lq1,Laqueuille,45.644100,2.737000,N/A,PFT10,PFT10(1.00),NatGrC3,NatGrC3(1.00),A,A3,N/A,GRA,https://www.europe-fluxdata.eu/home/site-details?id=FR-Lq1,fluxnet2007,2004-2006,N/A,2004-2006,N/A,N/A,GRA,,,,
FR-Lq2,Laqueuille extensive,45.639200,2.737000,N/A,PFT10,"PFT10(0.65), PFT6(0.35)",NatGrC3,"NatGrC3(0.65), TrBrDe(0.35)",B,A3,N/A,GRA,https://www.europe-fluxdata.eu/home/site-details?id=FR-Lq2,fluxnet2007,2004-2006,N/A,2004-2006,N/A,N/A,GRA,,,,
FR-Pue,Puechabon,43.741300,3.595700,N/A,PFT05,"PFT5(0.9), PFT10(0.10)",TrBrEv,"TrBrEv(0.90), NatGrC3(0.10)",B,A2,N/A,EBF,https://meta.icos-cp.eu/resources/stations/ES_FR-Pue https://fluxnet.org/sites/siteinfo/FR-Pue,"fluxnet2007, fluxnet2015",2000-2006,2000-2014,2000-2014,N/A,N/A,EBF,,,,
FR-Tou,Toulouse,43.572900,1.374700,N/A,PFT13,PFT13(1.00),CropsC4,CropsC4(1.00),B,A3,N/A,infos site,https://meta.icos-cp.eu/resources/stations/ES_FR-Tou,warmwinter2020,N/A,N/A,N/A,N/A,2018-2019,N/A,,,,
GF-Guy,Guyaflux (French Guiana),5.278800,-52.924900,N/A,PFT02,PFT2(1.00),TrBrEv,TrBrEv(1.00),A,C4,N/A,EBF,N/A,"fluxnet2015, warmwinter2020",N/A,2004-2014,2004-2014,N/A,2004-2019,EBF,,,,
HU-Bug,Bugacpuszta,46.691100,19.601300,N/A,PFT10,PFT10(1.00),NatGrC3,NatGrC3(1.00),A,B2,N/A,GRA,https://www.europe-fluxdata.eu/home/site-details?id=HU-Bug,fluxnet2007,2002-2006,N/A,2003-2006,N/A,N/A,GRA,,,,
HU-Mat,Matra,47.846900,19.726000,N/A,PFT10,PFT10(1),NatGrC3,NatGrC3(1.00),B,A2,N/A,GRA,https://www.europe-fluxdata.eu/home/site-details?id=HU-Mat,fluxnet2007,2004-2006,N/A,N/A,N/A,N/A,GRA,,,,
ID-Pag,Palangkaraya undrained forest,-2.320000,113.900000,N/A,PFT02,PFT2(1.00),TrBrEv,TrBrEv(1.00),A,A4,N/A,N/A,https://asiaflux.net/index.php?page_id=91 (Palangkaraya Drained Forest),fluxnet2007,2002-2003,N/A,2002-2003,N/A,N/A,EBF,,,,
IE-Ca1,Carlow1,52.858800,-6.918100,N/A,PFT12,PFT12(1.00),CropsC3,CropsC3(1.00),A,A3,N/A,CRO,https://www.europe-fluxdata.eu/home/site-details?id=IE-Ca1,fluxnet2007,2004-2006,N/A,2004-2006,N/A,N/A,CRO,,,,
IE-Cra,Clara Raised Bog,53.323000,-7.641800,N/A,N/A,N/A,N/A,N/A,N/A,,N/A,à éviter : wetland,http://www.europe-fluxdata.eu/home/site-details?id=IE-Cra,warmwinter2020,N/A,N/A,N/A,N/A,2020-2020,N/A,,,,
IE-Dri,Dripsey,51.986700,-8.751800,N/A,PFT10,PFT10(1.00),NatGrC3,NatGrC3(1.00),A,A3,N/A,GRA,https://www.europe-fluxdata.eu/home/site-details?id=IE-Dri,fluxnet2007,2003-2005,N/A,2003-2005,N/A,N/A,GRA,,,,
IL-Yat,Yatir,31.345000,35.051500,N/A,PFT04,"PFT4(0.60), PFT10(0.30), PFT1(0.10)",TrNeEv,"TrNeEv(0.60), NatGrC3(0.30), BS(0.10)",B,A3,N/A,infos site - pin Alep,https://www.weizmann.ac.il/EPS/Yakir/research-activities/field-research/yatir-forest-location-and-background & https://phenocam.nau.edu/webcam/sites/yatir/ - https://www.sciencedirect.com/science/article/abs/pii/S0168192323001077,"fluxnet2007, warmwinter2020",2001-2006,N/A,N/A,N/A,2000-2020,ENF,,,,
IS-Gun,Gunnarsholt,63.833300,-20.216700,N/A,PFT01,"PFT1(0.80), PFT10(0.20)",BS,"BS(0.80), NatGrC3(0.20)",N/A,,N/A,ancien PFT6 ?? eviter,https://www.europe-fluxdata.eu/home/site-details?id=Is-gun,fluxnet2007,1996-1998,N/A,N/A,N/A,N/A,DBF,,,,
IT-Amp,Amplero,41.904100,13.605200,N/A,PFT10,PFT10(1),NatGrC3,NatGrC3(1.00),B,A3,N/A,GRA,https://www.europe-fluxdata.eu/home/site-details?id=IT-Amp,fluxnet2007,2002-2006,N/A,2003-2006,N/A,N/A,GRA,,,,
IT-BCi,Borgo Cioffi,40.523700,14.957400,N/A,N/A,N/A,N/A,N/A,N/A,,N/A,éviter rotation culture,https://meta.icos-cp.eu/resources/stations/ES_IT-BCi & https://fluxnet.org/sites/siteinfo/IT-BCi,"fluxnet2007, fluxnet2015, warmwinter2020",2004-2006,2004-2014,2005-2010,N/A,2004-2020,CRO,,,,
IT-BFt,Bosco Fontana,45.197800,10.742000,N/A,PFT06,"PFT6(0.85), PFT10(0.15)",TrBrDe,"TrBrDe(0.85), NatGrC3(0.15)",A,A3,N/A,frac_300m et infos sites,https://meta.icos-cp.eu/resources/stations/ES_IT-BFt,warmwinter2020,N/A,N/A,N/A,N/A,2019-2020,N/A,,,,
IT-CA1,Castel d'Asso1,42.380400,12.026600,N/A,PFT06,"PFT6(0.8),PFT10(0.1)",TrBrDe,"TrBrDe(0.80), NatGrC3(0.10)",N/A,,N/A,eviter : DBF / Short rotation forestry of poplar for biomass production,https://fluxnet.org/sites/siteinfo/IT-CA1,fluxnet2015,N/A,2011-2014,2012-2013,N/A,N/A,DBF,,,,
IT-CA2,Castel d'Asso2,42.377200,12.026000,N/A,PFT12,"PFT12(0.90), PFT13(0.10)",CropsC3,"CropsC3(0.90), CropsC4(0.10)",A,B3,N/A,CRO,https://fluxnet.org/sites/siteinfo/IT-CA2,fluxnet2015,N/A,2011-2014,2012-2013,N/A,N/A,CRO,,,,
IT-CA3,Castel d'Asso3,42.380000,12.022200,N/A,PFT06,"PFT6(0.8),PFT10(0.1)",TrBrDe,"TrBrDe(0.80), NatGrC3(0.10)",N/A,,N/A,eviter : DBF / Short rotation forestry of poplar for biomass production ,https://fluxnet.org/sites/siteinfo/IT-CA3,fluxnet2015,N/A,2011-2014,2012-2013,N/A,N/A,DBF,,,,
IT-Cas,Castellaro,45.070000,8.717500,N/A,PFT12,PFT12(1.00),CropsC3,CropsC3(1.00),N/A,,N/A,CRO / eviter : rice paddy cultivation,https://fluxnet.org/sites/siteinfo/IT-Cas / https://fluxnet.org/doi/FLUXNET-CH4/IT-Cas,fluxnet2007,2006-2006,N/A,N/A,N/A,N/A,CRO,,,,
IT-Col,Collelongo,41.849400,13.588100,N/A,PFT06,"PFT6(0.90), PFT10(0.10)",TrBrDe,"TrBrDe(0.90), NatGrC3(0.10)",A,B2,N/A,DBF / Irregularly structured beech forest.,https://fluxnet.org/sites/siteinfo/IT-Col,"fluxnet2007, fluxnet2015",1996-2006,1996-2014,2007-2014,N/A,N/A,DBF,,,,
IT-Cp2,Castelporziano2,41.704300,12.357300,N/A,PFT05,"PFT5(0.85), PFT10(0.15)",TrBrEv,"TrBrEv(0.85), NatGrC3(0.15)",B,B3,N/A,infos sites - chêne vert,https://meta.icos-cp.eu/resources/stations/ES_IT-Cp2 & https://fluxnet.org/sites/siteinfo/IT-Cp2,"fluxnet2015, warmwinter2020",N/A,2012-2014,N/A,N/A,2012-2019,EBF,,,,
IT-Cpz,Castelporziano,41.705200,12.376100,N/A,PFT05,"PFT5(0.90), PFT10(0.10)",TrBrEv,"TrBrEv(0.90), NatGrC3(0.10)",B,B3,N/A,"EBF/ Natural origin, Mediterranean",https://fluxnet.org/sites/siteinfo/IT-Cpz,"fluxnet2007, fluxnet2015",1997-2006,1997-2009,2001-2008,N/A,N/A,EBF,,,,
IT-Isp,Ispra ABC-IS,45.812600,8.633600,N/A,PFT06,"PFT6(0.80), PFT10(0.20)",TrBrDe,"TrBrDe(0.80), NatGrC3(0.20)",A,A2,N/A,N/A,https://fluxnet.org/sites/siteinfo/IT-Isp,fluxnet2015,N/A,2013-2014,2013-2014,N/A,N/A,DBF,,,,
IT-La2,Lavarone2,45.954200,11.285300,N/A,PFT04,"PFT4(0.8), PFT10(0.20)",TrNeEv,"TrNeEv(0.80), NatGrC3(0.20)",B,C3,N/A,ENF,https://fluxnet.org/sites/siteinfo/IT-La2,fluxnet2015,N/A,2000-2002,N/A,N/A,N/A,ENF,,,,
IT-Lav,Lavarone,45.956200,11.281300,N/A,PFT04,"PFT4(0.80), PFT10(0.20)",TrNeEv,"TrNeEv(0.80), NatGrC3(0.20)",A,A3,N/A,N/A,https://fluxnet.org/sites/siteinfo/IT-Lav,"fluxnet2007, fluxnet2015, warmwinter2020",2000-2006,2003-2014,2005-2014,N/A,2003-2019,ENF,,,,
IT-Lec,Lecceto,43.304600,11.270600,N/A,PFT05,"PFT5(0.90), PFT10(0.10)",TrBrEv,"TrBrEv(0.90), NatGrC3(0.10)",B,N/A,N/A,EBF,https://www.europe-fluxdata.eu/home/site-details?id=IT-Lec,fluxnet2007,2005-2006,N/A,N/A,N/A,N/A,EBF,,,,
IT-LMa,La Mandria,45.15258,7.58259,N/A,PFT06,"PFT6(0.9), PFT15(0.1)",TrBrDe,"TrBrDe(0.90), NatGrC3(0.10)",B,B3,N/A,DBF (mauvaises coord sur orchidas site list),https://www.europe-fluxdata.eu/home/site-details?id=IT-Lma,fluxnet2007,2003-2006,N/A,2003-2004,N/A,N/A,GRA,,,,
IT-Lsn,Lison,45.740500,12.750300,N/A,N/A,N/A,N/A,N/A,N/A,,N/A,à éviter - vigne,https://meta.icos-cp.eu/resources/stations/ES_IT-Lsn,warmwinter2020,N/A,N/A,N/A,N/A,2016-2020,N/A,,,,
IT-Mal,Malga Arpaco,46.11402,11.70334,N/A,PFT15,"PFT15(0.90), PFT7(0.10)",NatGrC3,"NatGrC3(0.90), TrNeEv(0.10)",C,C2,N/A,GRA / need new hr image bc of wrong coordinates,https://www.europe-fluxdata.eu/home/site-details?id=IT-mal,fluxnet2007,2003-2006,N/A,2003-2003,N/A,N/A,GRA,,,,
IT-MBo,Monte Bondone,46.014700,11.045800,N/A,PFT15,"PFT7(0.05), PFT8(0.05), PFT15(0.90)",NatGrC3,"NatGrC3(0.90), TrBrDe(0.05), TrNeEv(0.05)",B,A3,N/A,N/A,https://meta.icos-cp.eu/resources/stations/ES_IT-MBo & https://fluxnet.org/sites/siteinfo/IT-MBo,"fluxnet2007, fluxnet2015, warmwinter2020",2003-2006,2003-2013,2003-2012,N/A,2003-2019,GRA,,,,
IT-Noe,Arca di Noe - Le Prigionette,40.606200,8.151700,N/A,PFT04,"PFT4(0.45), PFT10(0.45), PFT1(0.1)",NatGrC3,"NatGrC3(0.45), ShNeEv(0.45), BS(0.10)",B,A2,N/A,CSH / Undisturbed mediterranean maquis site,https://fluxnet.org/sites/siteinfo/IT-Noe,fluxnet2015,N/A,2004-2014,2004-2014,N/A,N/A,CSH,,,,
IT-Non,Nonantola,44.689800,11.088700,N/A,PFT06,"PFT6(0.9),PFT10(0.1)",TrBrDe,"TrBrDe(0.90), NatGrC3(0.10)",A,C2,N/A,MF,https://www.europe-fluxdata.eu/home/site-details?id=IT-Non,fluxnet2007,2001-2006,N/A,2002-2002,N/A,N/A,DBF,,,,
IT-Pia,Island of Pianosa,42.583900,10.078400,N/A,PFT10,"PFT10(0.9), PFT6(0.1)",NatGrC3,"NatGrC3(0.90), ShBrDe(0.10)",C,A3,N/A,OSH,https://www.europe-fluxdata.eu/home/site-details?id=IT-Pia,fluxnet2007,2002-2005,N/A,N/A,N/A,N/A,OSH,,,,
IT-PT1,Parco Ticino forest,45.200900,9.061000,N/A,PFT06,"PFT6(0.7), PFT10(0.3)",TrBrDe,"TrBrDe(0.70), NatGrC3(0.30)",B,A2,N/A,DBF / The site was established in spring 2001 and runs in continuous mode from March 2002. Poplar plantation,https://fluxnet.org/sites/siteinfo/IT-PT1,"fluxnet2007, fluxnet2015",2002-2004,2002-2004,2003-2004,N/A,N/A,DBF,,,,
IT-Ren,Renon,46.586900,11.433700,N/A,PFT07,"PFT7(0.90), PFT15(0.10)",TrNeEv,"TrNeEv(0.90), NatGrC3(0.10)",A,A2,N/A,N/A,https://meta.icos-cp.eu/resources/stations/ES_IT-Ren & https://fluxnet.org/sites/siteinfo/IT-Ren,"fluxnet2007, fluxnet2015, warmwinter2020",1999-2006,1998-2013,2010-2013,N/A,1999-2020,ENF,,,,
IT-Ro1,Roccarespampani 1,42.408100,11.930000,N/A,PFT06,"PFT6(0.85), PFT10(0.15)",TrBrDe,"TrBrDe(0.85), NatGrC3(0.15)",A,,N/A,Turkey oak (Quercus Cerris L.) coppice forest,https://fluxnet.org/sites/siteinfo/IT-ro1,"fluxnet2007, fluxnet2015",2000-2006,2000-2008,2002-2006,N/A,N/A,DBF,,,,
IT-Ro2,Roccarespampani 2,42.390300,11.920900,N/A,PFT06,"PFT6(0.90), PFT10(0.10)",TrBrDe,"TrBrDe(0.90), NatGrC3(0.10)",A,B2,N/A,Turkey oak (Quercus Cerris L.) coppice forest,https://fluxnet.org/sites/siteinfo/IT-ro2,"fluxnet2007, fluxnet2015",2002-2006,2002-2012,2002-2008,N/A,N/A,DBF,,,,
IT-SR2,San Rossore 2,43.732000,10.290900,N/A,PFT04,"PFT4(0.85), PFT6(0.05), PFT10(0.10)",TrNeEv,"TrNeEv(0.85), NatGrC3(0.10), TrBrDe(0.05)",A,A2,N/A,N/A,https://fluxnet.org/doi/FLUXNET2015/IT-SR2 & https://meta.icos-cp.eu/resources/stations/ES_IT-SR2,"fluxnet2015, warmwinter2020",N/A,2013-2014,2013-2014,N/A,2013-2020,ENF,,,,
IT-SRo,San Rossore,43.727900,10.284400,N/A,PFT04,"PFT4(0.85),PFT6(0.05),PFT10(0.1)",TrNeEv,"TrNeEv(0.85), NatGrC3(0.10), TrBrDe(0.05)",B,A2,N/A,"ENF / 10 km E of Pisa, evergreen needleleaf forest, mediterranean climate",https://fluxnet.org/sites/siteinfo/IT-SRo,"fluxnet2007, fluxnet2015",1999-2006,1999-2012,2003-2012,N/A,N/A,ENF,,,,
IT-Tor,Torgnon,45.844400,7.578100,N/A,PFT15,"PFT15(0.90), PFT7(0.10)",NatGrC3,"NatGrC3(0.90), TrNeEv(0.10)",A,A2,N/A,frac_300m & infos site,https://meta.icos-cp.eu/resources/stations/ES_IT-Tor & https://fluxnet.org/sites/siteinfo/IT-Tor,"fluxnet2015, warmwinter2020",N/A,2008-2014,N/A,N/A,2008-2019,GRA,,,,
JP-MBF,Moshiri Birch Forest Site,44.386900,142.318600,N/A,PFT06,"PFT6(0.85), PFT10(0.15)",TrBrDe,"TrBrDe(0.85), NatGrC3(0.15)",A,C2,N/A,DBF / birch forest / temp_cool climate,https://asiaflux.net/index.php?page_id=78 & https://fluxnet.org/sites/siteinfo/JP-MBF,fluxnet2015,N/A,2003-2005,N/A,N/A,N/A,DBF,,,,
JP-SMF,Seto Mixed Forest Site,35.261700,137.078800,N/A,PFT05,"PFT5(0.65), PFT6(0.3), PFT10(0.05)",TrBrEv,"TrBrEv(0.65), TrBrDe(0.30), NatGrC3(0.05)",A,B2,N/A,"MF, Mixed forest, Secondary evergreen broadleaved forest / Domestic species (Overstory): Ilex pedunculosa, Symplocos prunifolia, Quercus serrata, Evodiopanax innovans
 Dominant species (Understory): Dicranopteris pedata, Eurya japonica, Osmanthus heterophyllus",asiaflux.net/index.php?page_id=104,fluxnet2015,N/A,2002-2006,2003-2006,N/A,N/A,MF,,,,
NL-Ca1,Cabauw,51.971000,4.927000,N/A,PFT10,PFT10(1.00),NatGrC3,NatGrC3(1.00),A,A3,N/A,GRA,https://www.europe-fluxdata.eu/home/site-details?id=NL-Ca1,fluxnet2007,2003-2006,N/A,2003-2006,N/A,N/A,GRA,,,,
NL-Haa,Haastrecht,52.003100,4.805500,N/A,PFT10,PFT10(1.00),NatGrC3,NatGrC3(1.00),B,D3,N/A,N/A,https://www.europe-fluxdata.eu/home/site-details?id=NL-haa,fluxnet2007,2003-2004,N/A,N/A,N/A,N/A,GRA,,,,
NL-Hor,Horstermeer,52.240300,5.071300,N/A,PFT10,PFT10(1.00),NatGrC3,NatGrC3(1.00),N/A,,N/A,eviter : grassland/wetland,https://fluxnet.org/doi/FLUXNET-CH4/NL-Hor &  https://fluxnet.org/sites/siteinfo/NL-Hor,"fluxnet2007, fluxnet2015",2004-2006,2004-2011,2008-2011,N/A,N/A,GRA,,,,
NL-Lan,Langerak,51.953600,4.902900,N/A,PFT12,PFT12(1.00),CropsC3,CropsC3(1.00),B,C2,N/A,CRO,https://www.europe-fluxdata.eu/home/site-details?id=NL-lan,fluxnet2007,2005-2006,N/A,N/A,N/A,N/A,CRO,,,,
NL-Loo,Loobos,52.166600,5.743600,N/A,PFT04,"PFT4(0.80), PFT10(0.20)",TrNeEv,"TrNeEv(0.80), NatGrC3(0.20)",A,A2,N/A,ENF,https://fluxnet.org/sites/siteinfo/NL-Loo,"fluxnet2007, fluxnet2015",1996-2006,1996-2013,1997-2013,N/A,N/A,ENF,,,,
NL-Lut,Lutjewad,53.398900,6.356000,N/A,PFT12,"PFT12(0.80), PFT13(0.20)",CropsC3,"CropsC3(0.80), CropsC4(0.20)",C,B3,N/A,CRO,https://www.europe-fluxdata.eu/home/site-details?id=NL-lut,fluxnet2007,2006-2006,N/A,N/A,N/A,N/A,CRO,,,,
NL-Mol,Molenweg,51.650000,4.639000,N/A,PFT12,"PFT12(0.65), PFT13(0.35)",CropsC3,"CropsC3(0.65), CropsC4(0.35)",C,D2,N/A,N/A,https://www.europe-fluxdata.eu/home/site-details?id=NL-Mol,fluxnet2007,2005-2006,N/A,N/A,N/A,N/A,CRO,,,,
PL-wet,Polwet,52.762200,16.309400,N/A,PFT10,"PFT4(0.20), PFT10(0.80)",NatGrC3,"NatGrC3(0.80), TrNeEv(0.20)",N/A,,N/A,éviter : wetland,https://www.europe-fluxdata.eu/home/site-details?id=PL-wet,fluxnet2007,2004-2005,N/A,2004-2005,N/A,N/A,WET,,,,
PT-Esp,Espirra,38.639400,-8.601800,N/A,PFT05,"PFT5(0.8),PFT10(0.2)",TrBrEv,"TrBrEv(0.80), NatGrC3(0.20)",C,B3,N/A,EBF,https://www.europe-fluxdata.eu/home/site-details?id=PT-Esp,fluxnet2007,2002-2006,N/A,2002-2004,N/A,N/A,EBF,,,,
PT-Mi1,Mitra (Evora),38.540700,-8.000400,N/A,PFT05,"PFT5(0.6), PFT10(0.3), PFT1(0.1)",TrBrEv,"TrBrEv(0.60), NatGrC3(0.30), BS(0.10)",B,B3,N/A,N/A,https://www.europe-fluxdata.eu/home/site-details?id=PT-Mi1,fluxnet2007,2003-2005,N/A,2005-2005,N/A,N/A,EBF,,,,
PT-Mi2,Mitra IV Tojal,38.476500,-8.024600,N/A,PFT10,"PFT10(0.9), PFT1(0.1)",NatGrC3,"NatGrC3(0.90), BS(0.10)",B,B3,N/A,N/A,https://www.europe-fluxdata.eu/home/site-details?id=PT-Mi2,fluxnet2007,2004-2006,N/A,2005-2006,N/A,N/A,GRA,,,,
RU-Che,Cherski,68.613000,161.341400,N/A,N/A,N/A,N/A,N/A,N/A,,N/A,eviter : wetland,https://fluxnet.org/sites/siteinfo/RU-Che,fluxnet2015,N/A,2002-2005,2003-2004,N/A,N/A,WET,,,,
RU-Cok,Chokurdakh,70.829100,147.494300,N/A,PFT15,"PFT15(0.75), PFT9(0.15), PFT1(0.1)",NatGrC3,"NatGrC3(0.75), ShNeDe(0.15), BS(0.10)",B,D3,N/A,OSH,https://fluxnet.org/sites/siteinfo/RU-Cok,"fluxnet2007, fluxnet2015",2003-2005,2003-2014,N/A,N/A,N/A,OSH,,,,
RU-Fy2,Fyodorovskoye dry spruce stand,56.447600,32.901900,N/A,PFT04,"PFT4(0.90), PFT15(0.10)",TrNeEv,"TrNeEv(0.90), NatGrC3(0.10)",B,A2,N/A,infos site (dry spruce) / maybe PFT07,https://fluxnet.org/sites/siteinfo/RU-Fy2 & https://meta.icos-cp.eu/resources/stations/FLUXNET_RU-Fy2,warmwinter2020,N/A,N/A,N/A,N/A,2015-2020,N/A,,,,
RU-Fyo,Fyodorovskoye,56.461500,32.922100,N/A,PFT04,"PFT4(0.80), PFT6(0.10), PFT15(0.10)",TrNeEv,"TrNeEv(0.80), NatGrC3(0.10), TrBrDe(0.10)",B,A2,N/A,infos site (spruce & birch) / maybe PFT07,https://fluxnet.org/sites/siteinfo/RU-Fyo & http://www.europe-fluxdata.eu/home/site-details?id=RU-Fyo & https://meta.icos-cp.eu/resources/stations/FLUXNET_RU-Fyo,"fluxnet2007, fluxnet2015, warmwinter2020",1998-2004,1998-2014,2003-2014,N/A,1998-2019,ENF,,,,
RU-Ha1,Hakasia steppe,54.725200,90.002200,N/A,PFT15,"PFT15(0.95), PFT1(0.05)",NatGrC3,"NatGrC3(0.95), BS(0.05)",B,C2,N/A,GRA,https://fluxnet.org/sites/siteinfo/RU-Ha1,"fluxnet2007, fluxnet2015",2002-2004,2002-2004,N/A,N/A,N/A,GRA,,,,
RU-Ha2,Ubs Nur- Hakasija-recovering grassland,54.773100,89.956700,N/A,PFT15,"PFT15(0.90), PFT1(0.1)",NatGrC3,"NatGrC3(0.90), BS(0.10)",C,D3,N/A,GRA,https://www.europe-fluxdata.eu/home/site-details?id=ru-ha2,fluxnet2007,2002-2003,N/A,N/A,N/A,N/A,GRA,,,,
RU-Ha3,Ubs Nur-Hakasija- Site 3,54.70455,90.07785,N/A,PFT15,PFT15(1.0),NatGrC3,NatGrC3(1.00),B,C3,N/A,GRA,https://www.europe-fluxdata.eu/home/site-details?id=ru-ha3,fluxnet2007,2004-2004,N/A,N/A,N/A,N/A,GRA,,,,
RU-Zot,Zotino,60.800800,89.350800,N/A,PFT07,"PFT7(0.8), PFT15(0.1), PFT1(0.1)",TrNeEv,"TrNeEv(0.80), BS(0.10), NatGrC3(0.10)",B,C3,N/A,WSA,https://www.europe-fluxdata.eu/home/site-details?id=RU-Zot,fluxnet2007,2002-2004,N/A,2003-2003,N/A,N/A,ENF,,,,
SD-Dem,Demokeya,13.282900,30.478300,N/A,PFT11,"PFT11(0.90), PFT3(0.1)",NatGrC4,"NatGrC4(0.90), TrBrDe(0.10)",A,C4,N/A,SAV,https://fluxnet.org/doi/FLUXNET2015/SD-Dem & https://www.europe-fluxdata.eu/home/site-details?id=sd-dem,fluxnet2015,N/A,2005-2009,2005-2009,N/A,N/A,SAV,,,,
SE-Deg,Degero,64.182000,19.556500,N/A,N/A,N/A,N/A,N/A,N/A,,N/A,éviter : wetland / tourbières,https://meta.icos-cp.eu/resources/stations/ES_SE-Deg,"fluxnet2007, warmwinter2020",2001-2005,N/A,2002-2005,N/A,2001-2020,GRA,,,,
SE-Faj,Fajemyr (NECC),56.265500,13.553500,N/A,PFT10,"PFT4(0.35), PFT10(0.65)",NatGrC3,"NatGrC3(0.65), TrNeEv(0.35)",N/A,,N/A,eviter : wetland,https://www.europe-fluxdata.eu/home/site-details?id=SE-Faj,fluxnet2007,2005-2006,N/A,N/A,N/A,N/A,WET,,,,
SE-Fla,Flakaliden,64.112800,19.456900,N/A,PFT07,"PFT7(0.85), PFT15(0.15)",TrNeEv,"TrNeEv(0.85), NatGrC3(0.15)",A,C3,N/A,norway spruce,https://www.europe-fluxdata.eu/home/site-details?id=SE-Fla & https://academic.oup.com/treephys/article/33/11/1123/1709008?login=false,fluxnet2007,1996-2002,N/A,N/A,N/A,N/A,ENF,,,,
SE-Htm,Hyltemossa,56.097600,13.419000,N/A,PFT04,"PFT4(0.80), PFT6(0.10), PFT10(0.10)",TrNeEv,"TrNeEv(0.80), NatGrC3(0.10), TrBrDe(0.10)",A,A2,N/A,frac_300m & infos site verifier attributions especes a PFT4: Picea abies (L.) H.Karst (Norway spruce) + Pinus sylvestris L. (Scots pine),https://meta.icos-cp.eu/resources/stations/ES_SE-Htm & https://www.icos-sweden.se/hyltemossa,warmwinter2020,N/A,N/A,N/A,N/A,2015-2020,N/A,,,,
SE-Nor,Norunda,60.086500,17.479500,N/A,PFT04,"PFT4(0.80), PFT6(0.10), PFT10(0.10)",TrNeEv,"TrNeEv(0.80), NatGrC3(0.10), TrBrDe(0.10)",A,A2,N/A,N/A,https://meta.icos-cp.eu/resources/stations/ES_SE-Nor & https://www.icos-cp.eu/sites/default/files/cmis/SE-Nor%20ICOS%20Ecosystem%20Station%20Labelling%20Report.pdf & https://egusphere.copernicus.org/preprints/2023/egusphere-2023-994/egusphere-2023-994.pdf,"fluxnet2007, warmwinter2020",1996-2005,N/A,N/A,N/A,2014-2020,ENF,,,,
SE-Ros,Rosinedal-3,64.172500,19.738000,N/A,PFT07,"PFT7(0.85), PFT15(0.15)",TrNeEv,"TrNeEv(0.85), NatGrC3(0.15)",A,A3,N/A,N/A,http://www.europe-fluxdata.eu/home/site-details?id=SE-Ros & https://egusphere.copernicus.org/preprints/2023/egusphere-2023-994/egusphere-2023-994.pdf,warmwinter2020,N/A,N/A,N/A,N/A,2014-2020,N/A,,,,
SE-Sk1,Skyttorp1 young,60.125000,17.918100,N/A,PFT04,"PFT4(0.7), PFT10(0.3)",TrNeEv,"TrNeEv(0.70), NatGrC3(0.30)",B,A3,N/A,ENF,https://www.europe-fluxdata.eu/home/site-details?id=SE-sk1,fluxnet2007,2005-2005,N/A,N/A,N/A,N/A,ENF,,,,
SE-Sk2,Skyttorp,60.129700,17.840100,N/A,PFT04,"PFT4(0.8), PFT10(0.2)",TrNeEv,"TrNeEv(0.80), NatGrC3(0.20)",B,B3,N/A,ENF,https://www.europe-fluxdata.eu/home/site-details?id=SE-sk2,fluxnet2007,2004-2005,N/A,N/A,N/A,N/A,ENF,,,,
SE-Svb,Svartberget,64.256100,19.774500,N/A,PFT07,"PFT7(0.85), PFT15(0.15)",TrNeEv,"TrNeEv(0.85), NatGrC3(0.15)",A,B2,N/A,N/A,https://meta.icos-cp.eu/resources/stations/ES_SE-Svb & https://www.icos-sweden.se/Svartberget & https://egusphere.copernicus.org/preprints/2023/egusphere-2023-994/egusphere-2023-994.pdf,warmwinter2020,N/A,N/A,N/A,N/A,2014-2020,N/A,,,,
SK-Tat,Tatra,49.120800,20.163500,N/A,PFT07,"PFT7(0.85), PFT15(0.15)",TrNeEv,"TrNeEv(0.85), NatGrC3(0.15)",B,D3,N/A,ENF,https://www.europe-fluxdata.eu/home/site-details?id=sk-tat,fluxnet2007,2005-2005,N/A,N/A,N/A,N/A,ENF,,,,
SN-Dhr,Dahra,15.402800,-15.432200,N/A,PFT01,"PFT1(0.6), PFT3(0.2), PFT11(0.2)",BS,"BS(0.60), NatGrC4(0.20), TrBrDe(0.20)",C,,N/A,SAV,https://fluxnet.org/sites/siteinfo/SN-Dhr,fluxnet2015,N/A,2010-2013,N/A,N/A,N/A,SAV,,,,
UK-AMo,Auchencorth Moss- Scotland,55.792545,-3.2436917,N/A,PFT10,PFT10(1),NatGrC3,NatGrC3(1.00),N/A,,N/A,"eviter  : Wetland / micro-topography consisting of hummocks and hollows. Hummocks are relatively small in size (typically 40 cm in diameter and 30 cm in height) and covered by either a mix of Deschampsia flexuosa (L.) Trin. and Eriophorum vaginatum L., or Juncus effusus L.. In contrast, hollows are dominated by mosses (Sphagnum papillosum Lindb. and Polytrichum commune Hedw.) and a layer of grasses.",https://meta.icos-cp.eu/resources/stations/ES_UK-AMo https://www.flickr.com/photos/icos_ri/albums/72157687594054712/,fluxnet2007,2005-2005,N/A,N/A,N/A,N/A,WET,,,,
UK-EBu,Easter Bush- Scotland,55.866000,-3.205800,N/A,PFT10,"PFT10(0.9), PFT6(0.1)",NatGrC3,"NatGrC3(0.90), TrBrDe(0.10)",B,C3,N/A,GRA,https://www.europe-fluxdata.eu/home/site-details?id=UK-EBu,fluxnet2007,2004-2006,N/A,N/A,N/A,N/A,GRA,,,,
UK-ESa,East Saltoun,55.906900,-2.858600,N/A,PFT12,PFT12(1.00),CropsC3,CropsC3(1.00),C,B3,N/A,CRO,https://www.europe-fluxdata.eu/home/site-details?id=UK-esa,fluxnet2007,2003-2005,N/A,N/A,N/A,N/A,CRO,,,,
UK-Gri,Griffin- Aberfeldy-Scotland,56.607200,-3.798100,N/A,PFT04,"PFT4(0.85), PFT10(0.15)",TrNeEv,"TrNeEv(0.85), NatGrC3(0.15)",A,C2,N/A,ENF,https://www.europe-fluxdata.eu/home/site-details?id=UK-Gri,fluxnet2007,1997-2006,N/A,2000-2001,N/A,N/A,ENF,,,,
UK-Ham,Hampshire,51.153500,-0.858300,N/A,PFT06,"PFT6(0.85), PFT10(0.15)",TrBrDe,"TrBrDe(0.85), NatGrC3(0.15)",A,A2,N/A,DBF,https://www.europe-fluxdata.eu/home/site-details?id=UK-ham,fluxnet2007,2004-2005,N/A,2004-2004,N/A,N/A,DBF,,,,
UK-Her,Hertfordshire,51.783800,-0.476100,N/A,PFT12,PFT12(1.00),CropsC3,CropsC3(1.00),B,,N/A,CRO,https://www.europe-fluxdata.eu/home/site-details?id=UK-Her,fluxnet2007,2006-2006,N/A,N/A,N/A,N/A,CRO,,,,
UK-PL3,Pang/ Lambourne (forest),51.450000,-1.266700,N/A,PFT06,"PFT6(0.9),PFT10(0.1)",TrBrDe,"TrBrDe(0.90), NatGrC3(0.10)",B,A3,N/A,DBF,https://www.europe-fluxdata.eu/home/site-details?id=UK-PL3,fluxnet2007,2005-2006,N/A,2005-2006,N/A,N/A,DBF,,,,
UK-Tad,Tadham Moor,51.207100,-2.828600,N/A,PFT10,PFT10(1.00),NatGrC3,NatGrC3(1.00),A,A3,N/A,GRA,https://www.europe-fluxdata.eu/home/site-details?id=UK-Tad,fluxnet2007,2001-2001,N/A,N/A,N/A,N/A,GRA,,,,
US-AR1,ARM USDA UNL OSU Woodward Switchgrass 1,36.426700,-99.420000,N/A,PFT10,"PFT10(0.65), PFT11(0.35)",NatGrC3,"NatGrC3(0.65), NatGrC4(0.35)",A,A3,N/A,"GRA / The site is on a former native prairie that is in the process of changing to switchgrass / In Spring 2009, the former native prairie site was burned, cattle were put on the pasture to graze down emergent grass, and broadleaf herbicide was sprayed. In Summer 2009, the cattle were removed from the pasture, and the site was sprayed with herbicide to kill all grass. In Spring 2010, prior to the planting of switchgrass, final herbicide was sprayed to kill cheat grass and to control broadleaf plants.",https://ameriflux.lbl.gov/sites/siteinfo/US-AR1,fluxnet2015,N/A,2009-2012,2010-2012,N/A,N/A,GRA,,,,
US-AR2,ARM USDA UNL OSU Woodward Switchgrass 2,36.635800,-99.597500,N/A,PFT10,"PFT10(0.65), PFT11(0.35)",NatGrC3,"NatGrC3(0.65), NatGrC4(0.35)",A,B3,N/A,"GRA / The site is on a former wheat field that is in the process of changing to switchgrass / Previous wheat was planted in Fall 2008. In Spring 2009, herbicide was applied to kill the wheat prior to switchgrass planting. Later in the year, the site was sprayed with post-emergence herbicide. In 2010, fertilization occurred before herbicide was sprayed for broadleaf control.",https://ameriflux.lbl.gov/sites/siteinfo/US-AR2,fluxnet2015,N/A,2009-2012,2010-2011,N/A,N/A,GRA,,,,
US-ARb,ARM Southern Great Plains burn site- Lamont,35.549700,-98.040200,N/A,PFT10,"PFT10(0.60), PFT11(0.40)",NatGrC3,"NatGrC3(0.60), NatGrC4(0.40)",B,B3,N/A,"pas sûr de la proportion c4/c3 // GRA / located in the native tallgrass prairies of the USDA Grazinglands Research Laboratory near El Reno, OK / US-ARb plot was burned on 2005/03/08",https://ameriflux.lbl.gov/sites/siteinfo/US-ARb,fluxnet2015,N/A,2005-2006,N/A,N/A,N/A,GRA,,,,
US-ARc,ARM Southern Great Plains control site- Lamont,35.546500,-98.040000,N/A,PFT10,"PFT10(0.60), PFT11(0.40)",NatGrC3,"NatGrC3(0.60), NatGrC4(0.40)",B,B2,N/A,"pas sûr de la proportion c4/c3 // GRA / located in the native tallgrass prairies of the USDA Grazinglands Research Laboratory near El Reno, OK / US-ARc unburned plot are used as the experimental control.",https://ameriflux.lbl.gov/sites/siteinfo/US-ARc,fluxnet2015,N/A,2005-2006,N/A,N/A,N/A,GRA,,,,
US-ARM,ARM Southern Great Plains site- Lamont,36.605800,-97.488800,N/A,PFT12,"PFT12(0.75), PFT13(0.25)",CropsC3,"CropsC3(0.75), CropsC4(0.25)",A,A3,N/A,"CRO / Central facility tower crop field (winter wheat, corn, soy, alfalfa). (c3 crops and corn is c4)",https://ameriflux.lbl.gov/sites/siteinfo/US-ARM,"fluxnet2007, fluxnet2015",2003-2006,2003-2012,2003-2012,N/A,N/A,CRO,,,,
US-Aud,AZ - Audubon Research Ranch,31.590700,-110.510000,N/A,PFT10,"PFT10(0.6), PFT11(0.3), PFT5(0.1)",NatGrC3,"NatGrC3(0.60), NatGrC4(0.30), TrBrEv(0.10)",B,B3,N/A,GRA / C4 ? C3 ?,https://ameriflux.lbl.gov/sites/siteinfo/US-Aud,fluxnet2007,2002-2006,N/A,2003-2005,N/A,N/A,GRA,,,,
US-Bar,NH - Bartlett Experimental Forest,44.064600,-71.288100,N/A,PFT06,"PFT6(0.8), PFT4(0.1), PFT15(0.1)",TrBrDe,"TrBrDe(0.80), NatGrC3(0.10), TrNeEv(0.10)",B,A3,N/A,"DBF / At lowto mid-elevation, vegetation is dominated by northern hardwoods (American beech, Fagus grandifolia; sugar maple, Acer saccharum; yellow birch, Betula alleghaniensis; with some red maple, Acer rubrum and paper birch, Betula papyrifera). Conifers (eastern hemlock, Tsuga canadensis; eastern white pine, Pinus strobus; red spruce, Picea rubens) are occasionally found intermixed with the more abundant deciduous species but are generally confined to the highest (red spruce) and lowest (hemlock and pine) elevations",https://ameriflux.lbl.gov/sites/siteinfo/US-Bar,fluxnet2007,2004-2005,N/A,2005-2005,N/A,N/A,DBF,,,,
US-Bkg,SD - Brookings,44.345300,-96.836200,N/A,PFT10,"PFT10(0.80), PFT11(0.20)",NatGrC3,"NatGrC3(0.80), NatGrC4(0.20)",A,B2,N/A,GRA / mixture of C3 and C4 species actively used for grazing.,https://ameriflux.lbl.gov/sites/siteinfo/US-Bkg,fluxnet2007,2004-2006,N/A,2005-2006,N/A,N/A,GRA,,,,
US-Blo,Blodgett Forest,38.895300,-120.632800,N/A,PFT04,"PFT4(0.85), PFT5(0.05), PFT10(0.1)",TrNeEv,"TrNeEv(0.85), NatGrC3(0.10), TrBrEv(0.05)",A,B3,N/A,"ENF / The plantation is relatively flat, and contains a homogenous mixture of evenly aged ponderosa pine with other trees and shrubs scattered throughout the ecosystem making up less than 30% of the biomass",https://ameriflux.lbl.gov/sites/siteinfo/US-Blo,"fluxnet2007, fluxnet2015",1997-2006,1997-2007,2000-2006,N/A,N/A,ENF,,,,
US-Bo1,IL - Bondville,40.006200,-88.290400,N/A,PFT12,"PFT12(0.50), PFT13(0.50)",CropsC3,"CropsC3(0.50), CropsC4(0.50)",N/A,,N/A,eviter : CRO / Annual rotation between corn (C4) and soybeans (C3).,https://ameriflux.lbl.gov/sites/siteinfo/US-Bo1,fluxnet2007,1996-2007,N/A,1997-2006,N/A,N/A,CRO,,,,
US-BZS,Bonanza Creek Black Spruce,64.6963,-148.3235,,PFT07,"PFT7(0.8), PFT15(0.2)",TrNeEv,"TrNeEv(0.80), NatGrC3(0.20)",B,B3,,ENF,https://doi.org/10.17190/AMF/1881572,,,,,,,,"2010, 2011, 2012, 2013, 2014, 2015, 2016, 2017, 2018, 2019, 2020, 2021",,,"2010, 2011, 2012, 2013, 2014, 2015, 2016, 2017, 2018, 2019, 2020, 2021"
US-Cop,Corral Pocket,38.090000,-109.390000,N/A,PFT10,"PFT10(0.75),PFT11(0.25)",NatGrC3,"NatGrC3(0.75), NatGrC4(0.25)",A,C3,N/A,"GRA / Vegetation is primarily native perennial C3/C4 grasses with annual ground converge ranging from 8-35%. Leaving the remaining 0-15% coverage to interspersed annual grasses, the remaining 0-15% coverage is occupied by annual grasses. 6-8 weeks during the late fall or winter, Livestock grazing is responsible for the majority of aboveground vegetation loss and subsequent high variability of ground coverage.",https://ameriflux.lbl.gov/sites/siteinfo/US-Cop,fluxnet2015,N/A,2001-2007,2002-2003,N/A,N/A,GRA,,,,
US-FPe,MT - Fort Peck,48.307700,-105.101900,N/A,PFT10,PFT10(1.00),NatGrC3,NatGrC3(1.00),A,B3,N/A,GRA,https://ameriflux.lbl.gov/sites/siteinfo/US-Fpe,fluxnet2007,2000-2006,N/A,2000-2006,N/A,N/A,GRA,,,,
US-GBT,GLEES Brooklyn Tower,41.365800,-106.239700,N/A,PFT07,"PFT7(0.6), PFT15(0.4)",TrNeEv,"TrNeEv(0.60), NatGrC3(0.40)",N/A,,N/A,"eviter : ENF / US-GBT has been incorporated into the US-GLE dataset, making this site obsolete. All future downloads and publications should refer to US-GLE",https://ameriflux.lbl.gov/sites/siteinfo/US-GBT,fluxnet2015,N/A,1999-2006,N/A,N/A,N/A,ENF,,,,
US-GLE,GLEES,41.366500,-106.239900,N/A,PFT07,"PFT7(0.8), PFT15(0.2)",TrNeEv,"TrNeEv(0.80), NatGrC3(0.20)",A,B3,N/A,ENF /,https://ameriflux.lbl.gov/sites/siteinfo/US-GLE https://phenocam.nau.edu/webcam/sites/glees/ https://research.fs.usda.gov/rmrs/forestsandranges/locations/glees,fluxnet2015,N/A,2004-2014,2009-2014,N/A,N/A,ENF,,,,
US-Goo,Goodwin Creek,34.254700,-89.873500,N/A,PFT10,"PFT10(0.55), PFT11(0.45)",NatGrC3,"NatGrC3(0.55), NatGrC4(0.45)",A,A2,N/A,GRA,https://ameriflux.lbl.gov/sites/siteinfo/US-Goo,fluxnet2007,2002-2006,N/A,2004-2006,N/A,N/A,GRA,,,,
US-Ha1,Harvard Forest EMS Tower (HFR1),42.537800,-72.171500,N/A,PFT06,"PFT6(0.9), PFT10(0.1)",TrBrDe,"TrBrDe(0.90), NatGrC3(0.10)",A,A2,N/A,"pas sûr PFT10/15 ? // DBF / predominantly red oak and red maple, with patches of mature hemlock stand and individual white pine",https://ameriflux.lbl.gov/sites/siteinfo/US-Ha1 / https://phenocam.nau.edu/webcam/sites/harvard/,"fluxnet2007, fluxnet2015",1991-2006,1991-2012,1992-2012,N/A,N/A,DBF,,,,
US-Ho1,Howland Forest (main tower),45.204100,-68.740200,N/A,PFT04,"PFT4(0.90), PFT15(0.10)",TrNeEv,"TrNeEv(0.90), NatGrC3(0.10)",A,A2,N/A,"ENF / Closed conifer forest, minimal disturbance.",https://ameriflux.lbl.gov/sites/siteinfo/US-Ho1,fluxnet2007,1996-2004,N/A,1996-2004,N/A,N/A,ENF,,,,
US-Ho2,ME - Howland Forest (west tower),45.209100,-68.747000,N/A,PFT04,"PFT4(0.90), PFT15(0.10)",TrNeEv,"TrNeEv(0.90), NatGrC3(0.10)",A,A2,N/A,"ENF / Closed conifer forest, minimal disturbance.",https://ameriflux.lbl.gov/sites/siteinfo/US-Ho2,fluxnet2007,1999-2004,N/A,N/A,N/A,N/A,ENF,,,,
US-KS2,Kennedy Space Center (scrub oak),28.608600,-80.671500,N/A,PFT05,"PFT5(0.50), PFT10(0.25), PFT11(0.25)",ShBrEv,"ShBrEv(0.50), NatGrC3(0.25), NatGrC4(0.25)",B,,N/A,"PFT5/6 ? CSH / scrub oak / Most scrub oak stands in the region undergo a 7 to 10 year disturbance cycle, mostly related to fire or hurricane activity.",https://ameriflux.lbl.gov/sites/siteinfo/US-KS2,fluxnet2015,N/A,2003-2006,2003-2006,N/A,N/A,CSH,,,,
US-Los,Lost Creek,46.082700,-89.979200,N/A,PFT15,"PFT6(0.15), PFT15(0.85)",NatGrC3,"NatGrC3(0.85), ShBrDe(0.15)",N/A,,N/A,eviter : wetland / deciduous shrub wetland,https://ameriflux.lbl.gov/sites/siteinfo/US-los,"fluxnet2007, fluxnet2015",2001-2005,2000-2014,2000-2008,N/A,N/A,WET,,,,
US-Me1,Metolius - Eyerly burn,44.579400,-121.500000,N/A,PFT10,"PFT4(0.25), PFT10(0.75)",NatGrC3,"NatGrC3(0.75), TrNeEv(0.25)",N/A,,N/A,eviter : fire / ENF / An intermediate aged ponderosa pine forest that was severely burned in the 2002 Eyerly wildfire. All trees were killed (stand replacing event).,https://ameriflux.lbl.gov/sites/siteinfo/US-Me1,fluxnet2015,N/A,2004-2005,N/A,N/A,N/A,ENF,,,,
US-Me2,Metolius mature ponderosa pine,44.452300,-121.557400,N/A,PFT04,"PFT4(0.80), PFT10(0.20)",TrNeEv,"TrNeEv(0.80), NatGrC3(0.20)",A,A2,N/A,"ENF / before Fire (January, 2002 - August, 2020): The overstory is almost exclusively composed of ponderosa pine trees (Pinus ponderosa Doug. Ex P. Laws) with a few scattered incense cedars (Calocedrus decurrens (Torr.) Florin) // Green Ridge Fire: On August 20, 2020, the Green Ridge Fire burned through Us-Me2 // Salvage Logging: From late March to late April 2021, salvage logging by the landowner occurred at the site. Almost all trees within the flux footprint were logged except a small area with lower burn severity,",https://ameriflux.lbl.gov/sites/siteinfo/US-Me2,fluxnet2015,N/A,2002-2014,2002-2014,N/A,N/A,ENF,,,,
US-Me4,Metolius-old aged ponderosa pine,44.499200,-121.622400,N/A,PFT04,"PFT4(0.75), PFT10(0.25)",TrNeEv,"TrNeEv(0.75), NatGrC3(0.25)",A,C3,N/A,"ENF / is very open, with even-aged stands of old-growth trees, young trees and mixed aged stands. The eddy-flux tower footprint was classified as ~ 48% mixed aged, ~27% pure old growth and ~25% young aged stands",https://ameriflux.lbl.gov/sites/siteinfo/US-Me4,fluxnet2007,1996-2000,N/A,1996-2000,N/A,N/A,ENF,,,,
US-Me6,Metolius Young Pine Burn,44.323300,-121.607800,N/A,PFT04,"PFT4(0.65), PFT10(0.35)",TrNeEv,"TrNeEv(0.65), NatGrC3(0.35)",B,A2,N/A,ENF / The dominant overstory vegetation are 20-year old ponderosa pine trees with an average height of 5.2 +/- 1.1 m,https://ameriflux.lbl.gov/sites/siteinfo/US-Me6,fluxnet2015,N/A,2010-2014,2011-2014,N/A,N/A,ENF,,,,
US-MMS,Morgan Monroe State Forest,39.323200,-86.413100,N/A,PFT06,"PFT6(0.9), PFT10(0.1)",TrBrDe,"TrBrDe(0.90), NatGrC3(0.10)",A,A2,N/A,DBF / the forest is a secondary successional broadleaf forest within the maple-beech to oak hickory transition zone of the eastern deciduous forest.,https://ameriflux.lbl.gov/sites/siteinfo/US-mms,"fluxnet2007, fluxnet2015",1999-2005,1999-2014,1999-2014,N/A,N/A,DBF,,,,
US-MOz,MO - Missouri Ozark Site,38.744100,-92.200000,N/A,PFT06,"PFT6(0.9), PFT10(0.1)",TrBrDe,"TrBrDe(0.90), NatGrC3(0.10)",A,B2,N/A,DBF / mostly oak,https://ameriflux.lbl.gov/sites/siteinfo/US-MOz / https://www.youtube.com/watch?v=HvAS-wXqMBw,fluxnet2007,2004-2006,N/A,2005-2006,N/A,N/A,DBF,,,,
US-Myb,Mayberry Wetland,38.049900,-121.765000,N/A,N/A,N/A,N/A,N/A,N/A,,N/A,eviter : wetland,https://ameriflux.lbl.gov/sites/siteinfo/US-Myb,fluxnet2015,N/A,2010-2014,2011-2014,N/A,N/A,WET,,,,
US-Ne1,Mead - irrigated continuous maize site,41.165100,-96.476600,N/A,PFT13,PFT13(1),CropsC4,CropsC4(1.00),B,B2,N/A,CRO / maize,https://ameriflux.lbl.gov/sites/siteinfo/US-Ne1,"fluxnet2007, fluxnet2015",2001-2005,2001-2013,2002-2012,N/A,N/A,CRO,,,,
US-Ne2,Mead - irrigated maize-soybean rotation site,41.164900,-96.470100,N/A,PFT12,"PFT12(0.50), PFT13(0.50)",CropsC3,"CropsC3(0.50), CropsC4(0.50)",N/A,,N/A,eviter : CRO / maize-soybean rotation,https://ameriflux.lbl.gov/sites/siteinfo/US-Ne2,"fluxnet2007, fluxnet2015",2001-2005,2001-2013,2002-2012,N/A,N/A,CRO,,,,
US-Ne3,Mead - rainfed maize-soybean rotation site,41.179700,-96.439700,N/A,PFT12,"PFT12(0.50), PFT13(0.50)",CropsC3,"CropsC3(0.50), CropsC4(0.50)",N/A,,N/A,eviter : CRO / maize-soybean rotation,https://ameriflux.lbl.gov/sites/siteinfo/US-Ne3,"fluxnet2007, fluxnet2015",2001-2005,2001-2013,2002-2012,N/A,N/A,CRO,,,,
US-NR1,Niwot Ridge Forest (LTER NWT1),40.032900,-105.546400,N/A,PFT07,"PFT7(0.9), PFT15(0.10)",TrNeEv,"TrNeEv(0.90), NatGrC3(0.10)",A,A3,N/A,"ENF /The forest is composed of three dominant evergreen needleleaf species: lodgepole pine (P. contorta Douglas ex Loudon), Engelmann spruce (P. engelmannii Parry ex Engelm.), and subalpine fir [A. lasiocarpa (Hook.) Nutt.]./ located in a subalpine forest ecosystem just below the Continental Divide near Nederland, CO. The site is located at 3050 m elevation",https://doi.org/10.1073/pnas.1900278116 / https://doi.org/10.1073/pnas.1900278116https://ameriflux.lbl.gov/sites/siteinfo/US-NR1 / https://data.ess-dive.lbl.gov/view/doi:10.15485/1671825,fluxnet2015,N/A,1998-2014,1999-2014,2000-2019,N/A,ENF,,,,
US-Oho,Oak Openings,41.554500,-83.843800,N/A,PFT06,"PFT6(0.95), PFT10(0.05)",TrBrDe,"TrBrDe(0.95), NatGrC3(0.05)",B,A3,N/A,DBF / one of the few remaining oak woodlands/savanna/prairie complexes in the Midwest,https://ameriflux.lbl.gov/sites/siteinfo/US-Oho,fluxnet2007,2004-2005,N/A,N/A,N/A,N/A,DBF,,,,
US-ORv,Olentangy River Wetland Research Park,40.020100,-83.018300,N/A,N/A,N/A,N/A,N/A,N/A,,N/A,eviter : wetland,https://ameriflux.lbl.gov/sites/siteinfo/US-ORv,fluxnet2015,N/A,2011-2011,N/A,N/A,N/A,WET,,,,
US-PFa,Park Falls/WLEF,45.945900,-90.272300,N/A,PFT06,"PFT6(0.6), PFT4(0.3), PFT15(0.1)",TrBrDe,"TrBrDe(0.60), TrNeEv(0.30), NatGrC3(0.10)",B,B2,N/A,"MF / The forests are mainly deciduous but also include substantial coniferous coverage. / 
The flux footprint encompasses a highly heterogeneous landscape of upland forests and wetlands (forested and nonforested). The daytime fetch of flux measurements from the 396m level is on the order of 5-10 km, yielding a flux footprint roughly 100x the area of a typical stand-level flux tower. AC power (tower is a TV transmitter",https://ameriflux.lbl.gov/sites/siteinfo/US-PFa,"fluxnet2007, fluxnet2015",1996-2003,1995-2014,1995-2014,N/A,N/A,MF,,,,
US-Prr,Poker Flat Research Range Black Spruce Forest,65.123700,-147.487600,N/A,PFT07,"PFT7(0.8), PFT15(0.2)",TrNeEv,"TrNeEv(0.80), NatGrC3(0.20)",A,B3,N/A,"ENF / blackspruce forest / pas FLUXNET site, mais BASE site",https://ameriflux.lbl.gov/sites/siteinfo/US-Prr,fluxnet2015,N/A,2010-2013,2011-2013,N/A,N/A,ENF,,,,
US-SP1,FL - Slashpine-Austin Cary- 65yrs nat regen,29.738100,-82.218800,N/A,PFT04,"PFT4(0.90), PFT10(0.05), PFT11(0.05)",TrNeEv,"TrNeEv(0.90), NatGrC3(0.05), NatGrC4(0.05)",A,D4,N/A,ENF / 67 hectare naturally regenerated Pinus palustris and Pinus elliottii mixed stand.,https://ameriflux.lbl.gov/sites/siteinfo/US-SP1,fluxnet2007,2000-2005,N/A,2005-2005,N/A,N/A,ENF,,,,
US-SP2,"FL - Slashpine-Mize-clearcut-3yr,regen",29.764800,-82.244800,N/A,PFT04,"PFT4(0.90), PFT10(0.05), PFT11(0.05)",TrNeEv,"TrNeEv(0.90), NatGrC3(0.05), NatGrC4(0.05)",A,B3,N/A,"ENF / Even aged slash pine (Pinus elliottii) plantation. Planted in Jan. 1999. clearcut-3yr,regen",https://ameriflux.lbl.gov/sites/siteinfo/US-SP2,fluxnet2007,1998-2004,N/A,2000-2004,N/A,N/A,ENF,,,,
US-SP3,FL - Slashpine-Donaldson-mid-rot- 12yrs,29.754800,-82.163300,N/A,PFT04,"PFT4(0.70), PFT10(0.15), PFT11(0.15)",TrNeEv,"TrNeEv(0.70), NatGrC3(0.15), NatGrC4(0.15)",N/A,,N/A,"eviter (rotation): ENF // The research and science objectives of the Donaldson site are as follows: 1) Quantify the carbon dynamics of intensively managed pine plantations; 2) Investigate the energy partitioning and changes in carbon sequestration across a slash pine management cycle, or rotation, in north-central Florida; 3) Quantify ecosystem water and energy budgets and the determining environmental variables; 4) Determine the dominant environmental factors controlling the seasonal partitioning of net radiation into the main energy budget components of latent energy flux and sensible heat flux.",https://ameriflux.lbl.gov/sites/siteinfo/US-SP3,fluxnet2007,1999-2004,N/A,1999-2004,N/A,N/A,ENF,,,,
US-SP4,FL - Slashpine-Rayonier-mid-rot- 12yrs,29.802800,-82.203100,N/A,PFT04,"PFT4(0.75), PFT10(0.15), PFT11(0.10)",TrNeEv,"TrNeEv(0.75), NatGrC3(0.15), NatGrC4(0.10)",N/A,,N/A,"eviter (rotation): ENF / two mid-rotation pine / Only active for one year, the Rayonier tract site was shutdown due to a stand replacing wild fire in 1998.",N/A,fluxnet2007,1998-1998,N/A,N/A,N/A,N/A,ENF,,,,
US-SRG,Santa Rita Grassland,31.789400,-110.827700,N/A,PFT11,"PFT11(0.90), PFT6(0.1)",NatGrC4,"NatGrC4(0.90), ShBrDe(0.10)",C,A3,N/A,"GRA / Semidesert C4 grassland, lies in Pasture 1 on the Santa Rita Experimental Range. This is the companion site for US-SRM, but has much less mesquite encroachment.",https://agupubs.onlinelibrary.wiley.com/doi/10.1002/2015JG003181 / https://ameriflux.lbl.gov/sites/siteinfo/US-SRG,fluxnet2015,N/A,2008-2014,2009-2014,N/A,N/A,GRA,,,,
US-SRM,Santa Rita Mesquite,31.821400,-110.866100,N/A,PFT11,"PFT11(0.60), PFT6(0.40)",NatGrC4,"NatGrC4(0.60), TrBrDe(0.40)",C,A3,N/A,"WSA / Semidesert grassland encroached by mesquite (Prosopis velutina) trees. / mesquite growing in a matrix of native (Digitaria californica Benth. Muhlenbergia porteri, Boutelouaeriopoda, Aristida spp.) and nonnative (Eragrostis lehmanniana Nees) perennial C4 grasses, subshrubs (most commonly, Isocoma tenuisecta Greene) and scattered succulents (Opuntia spp.",https://ameriflux.lbl.gov/sites/siteinfo/US-SRM https://agupubs.onlinelibrary.wiley.com/doi/epdf/10.1029/2008JG000900,fluxnet2015,N/A,2004-2014,2004-2014,N/A,N/A,WSA,,,,
US-Syv,Sylvania Wilderness Area,46.242000,-89.347700,N/A,PFT07,"PFT7(0.45),PFT8(0.45),PFT15(0.1)",TrBrDe,"TrBrDe(0.45), TrNeEv(0.45), NatGrC3(0.10)",A,C3,N/A,MF / primarily of sugar maple and eastern hemlock.,https://cheas.psu.edu/fieldsites/sylvania/sylvania.html & https://ameriflux.lbl.gov/sites/siteinfo/US-Syv,"fluxnet2007, fluxnet2015",2002-2006,2001-2014,2002-2008,N/A,N/A,MF,,,,
US-Ton,Tonzi Ranch,38.430900,-120.966000,N/A,PFT10,"PFT6(0.4), PFT10(0.6)",NatGrC3,"NatGrC3(0.60), TrBrDe(0.40)",C,A2,N/A,"WSA / oak savanna woodland / overstory is dominated by blue oak trees (40% of total vegetation) with intermittent grey pine trees (3 trees/ha). Understory species include a variety of grasses and herbs, including purple false brome, smooth cat's ear, and rose clover",https://ameriflux.lbl.gov/sites/siteinfo/US-Ton,"fluxnet2007, fluxnet2015",2001-2006,2001-2014,2001-2014,N/A,N/A,WSA,,,,
US-Tw1,Twitchell Wetland West Pond,38.107400,-121.646900,N/A,N/A,N/A,N/A,N/A,N/A,,N/A,eviter : wetland,https://ameriflux.lbl.gov/sites/siteinfo/US-Tw1,fluxnet2015,N/A,2012-2014,N/A,N/A,N/A,WET,,,,
US-Tw2,Twitchell Corn,38.096900,-121.636500,N/A,PFT13,PFT13(1.00),CropsC4,CropsC4(1.00),N/A,,N/A,eviter : CRO / corn field on peat soil,https://ameriflux.lbl.gov/sites/siteinfo/US-Tw2,fluxnet2015,N/A,2012-2013,N/A,N/A,N/A,CRO,,,,
US-Tw3,Twitchell Alfalfa,38.115200,-121.646900,N/A,PFT12,PFT12(1.00),CropsC3,CropsC3(1.00),A,B4,N/A,CRO / alfalfa field / Crop rotation occurs every 5-6 years,https://ameriflux.lbl.gov/sites/siteinfo/US-Tw3,fluxnet2015,N/A,2013-2014,N/A,N/A,N/A,CRO,,,,
US-Tw4,Twitchell East End Wetland,38.102700,-121.641300,N/A,N/A,N/A,N/A,N/A,N/A,,N/A,eviter : wetland,https://ameriflux.lbl.gov/sites/siteinfo/US-Tw4,fluxnet2015,N/A,2013-2014,2014-2014,N/A,N/A,WET,,,,
US-Twt,Twitchell Island,38.108700,-121.653100,N/A,PFT12,PFT12(1.00),CropsC3,CropsC3(1.00),N/A,,N/A,eviter : CRO / rice paddy,https://ameriflux.lbl.gov/sites/siteinfo/US-Twt,fluxnet2015,N/A,2009-2014,2010-2014,N/A,N/A,CRO,,,,
US-UMB,Univ. of Mich. Biological Station,45.559800,-84.713800,N/A,PFT06,"PFT6(0.8), PFT15(0.2)",TrBrDe,"TrBrDe(0.80), NatGrC3(0.20)",A,A1,N/A,"DBF / forest consists of mid-aged northern hardwoods, conifer understory, aspen, and old growth hemlock",https://ameriflux.lbl.gov/sites/siteinfo/US-UMB,"fluxnet2007, fluxnet2015",1999-2003,2000-2014,2000-2014,N/A,N/A,DBF,,,,
US-UMd,UMBS Disturbance,45.562500,-84.697500,N/A,PFT06,"PFT6(0.8), PFT15(0.2)",TrBrDe,"TrBrDe(0.80), NatGrC3(0.20)",B,B1,N/A,"DBF / In Spring 2008, every aspen and birch tree (>6,700, ~35% canopy LAI), the dominant early successional trees, were girdled over 39 ha of the FASET treatment plot to stimulate a disturbance that will move the forest into a later successional stage, dominated by maples, oaks, and white pine",N/A,fluxnet2015,N/A,2007-2014,N/A,N/A,N/A,DBF,,,,
US-Var,Vaira Ranch- Ione,38.413300,-120.950800,N/A,PFT10,"PFT10(0.9), PFT6(0.1)",NatGrC3,"NatGrC3(0.90), TrBrDe(0.10)",A,B3,N/A,GRA,https://ameriflux.lbl.gov/sites/siteinfo/US-Var,"fluxnet2007, fluxnet2015",2001-2006,2000-2014,2001-2014,N/A,N/A,GRA,,,,
US-WBW,TN - Walker Branch Watershed,35.958800,-84.287400,N/A,PFT06,"PFT6(0.9), PFT10(0.1)",TrBrDe,"TrBrDe(0.90), NatGrC3(0.10)",A,A3,N/A,DBF,https://ameriflux.lbl.gov/sites/siteinfo/US-WBW / https://www.arl.noaa.gov/research/surface-atmosphere-exchange-home/forest-micrometeorology-and-carbon-fluxes/,fluxnet2007,1995-1999,N/A,N/A,N/A,N/A,DBF,,,,
US-WCr,Willow Creek,45.805900,-90.079900,N/A,PFT06,"PFT6(0.9),PFT15(0.1)",TrBrDe,"TrBrDe(0.90), NatGrC3(0.10)",A,C2,N/A,DBF,https://ameriflux.lbl.gov/sites/siteinfo/US-WCr,"fluxnet2007, fluxnet2015",1999-2006,1999-2014,1999-2006,N/A,N/A,DBF,,,,
US-Whs,Walnut Gulch Lucky Hills Shrub,31.743800,-110.052200,N/A,PFT11,"PFT11(0.7), PFT5(0.3)",NatGrC4,"NatGrC4(0.70), ShBrEv(0.30)",A,B3,N/A,"OSH / A semiarid Chihuahuan Desert shrubland / The site vegetation is comprised of a diverse stand of mainly Chihuahuan desert shrub species like acacia constricta, larrea tridentata, and florensia cernua.",https://ameriflux.lbl.gov/sites/siteinfo/US-Whs,fluxnet2015,N/A,2007-2014,2008-2014,N/A,N/A,OSH,,,,
US-Wi0,Young red pine (YRP),46.618800,-91.081400,N/A,PFT04,"PFT4(0.85), PFT15(0.15)",TrNeEv,"TrNeEv(0.85), NatGrC3(0.15)",B,B3,N/A,ENF / fragmented mosaic of stands of various ages and composition,https://ameriflux.lbl.gov/sites/siteinfo/US-Wi0,"fluxnet2007, fluxnet2015",2002-2002,2002-2002,N/A,N/A,N/A,ENF,,,,
US-Wi1,Intermediate hardwood (IHW),46.730500,-91.232900,N/A,PFT06,"PFT6(0.8), PFT15(0.1), PFT1(0.1)",TrBrDe,"TrBrDe(0.80), BS(0.10), NatGrC3(0.10)",B,C3,N/A,DBF / fragmented mosaic of stands of various ages and composition,https://ameriflux.lbl.gov/sites/siteinfo/US-Wi1,fluxnet2007,2003-2003,N/A,N/A,N/A,N/A,DBF,,,,
US-Wi2,Intermediate red pine (IRP),46.686900,-91.152800,N/A,PFT04,"PFT4(0.9), PFT15(0.1)",TrNeEv,"TrNeEv(0.90), NatGrC3(0.10)",B,C3,N/A,ENF,https://ameriflux.lbl.gov/sites/siteinfo/US-Wi2,fluxnet2007,2003-2003,N/A,N/A,N/A,N/A,ENF,,,,
US-Wi3,Mature hardwood (MHW),46.634700,-91.098700,N/A,PFT06,PFT6(1.00),TrBrDe,TrBrDe(1.00),B,C2,N/A,DBF,https://ameriflux.lbl.gov/sites/siteinfo/US-Wi3,fluxnet2015,N/A,2002-2004,N/A,N/A,N/A,DBF,,,,
US-Wi4,Mature red pine (MRP),46.739300,-91.166300,N/A,PFT04,"PFT4(0.9), PFT15(0.10)",TrNeEv,"TrNeEv(0.90), NatGrC3(0.10)",B,B3,N/A,ENF,https://ameriflux.lbl.gov/sites/siteinfo/US-Wi4,"fluxnet2007, fluxnet2015",2002-2005,2002-2005,N/A,N/A,N/A,ENF,,,,
US-Wi5,Mixed young jack pine (MYJP),46.653100,-91.085800,N/A,PFT04,"PFT4(0.90), PFT15(0.10)",TrNeEv,"TrNeEv(0.90), NatGrC3(0.10)",B,B3,N/A,ENF,https://ameriflux.lbl.gov/sites/siteinfo/US-Wi5,fluxnet2007,2004-2004,N/A,N/A,N/A,N/A,ENF,,,,
US-Wi6,Pine barrens #1 (PB1),46.624900,-91.298200,N/A,PFT15,"PFT15(0.70), PFT4(0.30)",NatGrC3,"NatGrC3(0.70), ShNeEv(0.30)",B,C4,N/A,OSH,https://ameriflux.lbl.gov/sites/siteinfo/US-Wi6,"fluxnet2007, fluxnet2015",2002-2002,2002-2003,N/A,N/A,N/A,OSH,,,,
US-Wi7,Red pine clearcut (RPCC),46.649100,-91.069300,N/A,PFT15,"PFT6(0.40), PFT15(0.60)",NatGrC3,"NatGrC3(0.60), ShBrDe(0.40)",B,C3,N/A,OSH,https://ameriflux.lbl.gov/sites/siteinfo/US-Wi7,fluxnet2007,2005-2005,N/A,N/A,N/A,N/A,OSH,,,,
US-Wi8,Young hardwood clearcut (YHW),46.722300,-91.252400,N/A,PFT06,"PFT6(0.9), PFT15(0.1)",TrBrDe,"TrBrDe(0.90), NatGrC3(0.10)",B,C3,N/A,DBF,https://ameriflux.lbl.gov/sites/siteinfo/US-Wi8,fluxnet2007,2002-2002,N/A,N/A,N/A,N/A,DBF,,,,
US-Wi9,Young Jack pine (YJP),46.738500,-91.074600,N/A,PFT04,"PFT4(0.9), PFT15(0.10)",TrNeEv,"TrNeEv(0.90), NatGrC3(0.10)",B,B4,N/A,ENF,https://ameriflux.lbl.gov/sites/siteinfo/US-Wi9,"fluxnet2007, fluxnet2015",2004-2005,2004-2005,N/A,N/A,N/A,ENF,,,,
US-Wkg,Walnut Gulch Kendall Grasslands,31.736500,-109.941900,N/A,PFT10,"PFT10(0.55), PFT11(0.40), PFT5(0.05)",NatGrC3,"NatGrC3(0.55), NatGrC4(0.40), TrBrEv(0.05)",B,A2,N/A,GRA,https://ameriflux.lbl.gov/sites/siteinfo/US-Wkg,fluxnet2015,N/A,2004-2014,2005-2014,N/A,N/A,GRA,,,,
US-xBN,NEON Caribou Creek - Poker Flats Watershed (BONA),65.1540,-147.5026,,PFT07,"PFT7(0.85), PFT15(0.10), PFT1(0.05)",TrNeEv,"TrNeEv(0.85), NatGrC3(0.10), BS(0.05)",A,A3,,ENF,https://www.neonscience.org/field-sites/bona & https://doi.org/10.17190/AMF/2229406,,,,,,,,"2017, 2018, 2019, 2020, 2021, 2022, 2023",,,"2019, 2020, 2021"
US-xDJ,NEON Delta Junction (DEJU),63.8811,-145.7514,,PFT07,"PFT7(0.85), PFT15(0.15)",TrNeEv,"TrNeEv(0.85), NatGrC3(0.15)",A,A2,,ENF,https://www.neonscience.org/field-sites/deju & https://doi.org/10.17190/AMF/2229407,,,,,,,,"2017, 2018, 2019, 2020, 2021, 2022, 2023",,,"2019, 2020, 2021"
US-xRM,"NEON Rocky Mountain National Park, CASTNET (RMNP)",40.2759,-105.5459,,PFT07,"PFT7(0.75), PFT15(0.25)",TrNeEv,"TrNeEv(0.75), NatGrC3(0.25)",A,B4,Mollisol,ENF,https://www.neonscience.org/field-sites/rmnp &  https://doi.org/10.17190/AMF/1985450,,,,,,,,"2017, 2018, 2019, 2020, 2021, 2022, 2023",,,"2017, 2018, 2019, 2020, 2021"
US-xYE,NEON Yellowstone Northern Range (Frog Rock) (YELL),44.9535,-110.5391,,PFT07,"PFT7(0.6), PFT15(0.4)",TrNeEv,"TrNeEv(0.60), NatGrC3(0.40)",A,B3,Mollisol,ENF,https://www.neonscience.org/field-sites/yell & https://doi.org/10.17190/AMF/1985459,,,,,,,,"2018, 2019, 2020, 2021, 2022, 2023",,,"2018, 2019, 2020, 2021"
ZA-Kru,Skukuza,-25.019700,31.496900,N/A,PFT11,"PFT11(0.7), PFT5(0.2), PFT6(0.1)",NatGrC4,"NatGrC4(0.70), TrBrEv(0.20), TrBrDe(0.10)",B,B2,N/A,"SAV / broad-leaved Combretum apiculatum-dominated savanna on the coarse sand crests and fine-leaved Acacia nigrescens savanna on sandy clay loam in the valleys (Scholes et al., 2001) / The
grass layer is dominated by Panicum maximum, Digitaria
eriantha, Eragrostis rigidor, and Pogonarthria squarrosa",https://fluxnet.org/sites/siteinfo/ZA-Kru // https://bg.copernicus.org/articles/6/251/2009/bg-6-251-2009.pdf,"fluxnet2007, fluxnet2015",2001-2003,2000-2010,2000-2002,N/A,N/A,SAV,,,,
ZM-Mon,Mongu,-15.439100,23.252500,N/A,PFT06,"PFT6(0.9),PFT11(0.1)",TrBrDe,"TrBrDe(0.90), NatGrC4(0.10)",B,D4,N/A,"DBF / local woodland that undergoes some primitive harvesting for subsistence / Brachystegia bakeriana, Brachystegia spiciformis",https://fluxnet.org/sites/siteinfo/ZM-Mon // https://bg.copernicus.org/articles/6/1027/2009/bg-6-1027-2009.pdf,fluxnet2015,N/A,2000-2009,2008-2008,N/A,N/A,DBF,,,,